question_id,option,judgement,is_correct_answer,evidence_status,candidate_exam_point_ids,evidence_card_ids,evidence_scope,question_focus,option_text,option_claim,explanation,common_trap,needs_teacher_review,teacher_review_reason
2.1_1,A,correct,True,direct,cep_00001,"v6x_00484,v6x_00483",ch2-plus-v6-except,欧盟反洗钱指令的核心立法目标与宗旨,在整个欧盟建立一致的监管环境，以防止洗钱,欧盟反洗钱指令的关键目标是在整个欧盟范围内建立统一的监管环境以预防洗钱活动,选项A正确。教材句卡v6x_00484明确指出欧盟反洗钱指令旨在防范洗钱和恐怖融资活动，并在欧盟境内建立统一的监管环境，这与选项A'在整个欧盟建立一致的监管环境，以防止洗钱'的表述完全吻合，构成直接证据。,学生可能会将'建立统一的监管环境'与'建立金融机构网络'或'解决支付控制问题'等具体措施混淆，但指令的核心目标是宏观的监管环境统一，而非具体的操作手段。,False,
2.1_1,B,incorrect,False,direct,,"v6x_00484,v6x_00579",ch2-plus-v6-except,欧盟反洗钱指令的核心立法目标与宗旨,解决欧盟国家的支付控制问题，以减少洗钱,欧盟反洗钱指令的关键目标是解决欧盟国家的支付控制问题以减少洗钱,选项B错误。教材句卡v6x_00484明确指出指令的目标是建立统一的监管环境以防范洗钱，这是一个全面的框架，而非仅限于'支付控制问题'。支付控制最多是指令涉及的具体领域之一，将其作为指令的关键目标属于以偏概全。,学生可能因为指令中确实包含对支付工具（如预付卡）的管控措施，而误认为支付控制是指令的核心目标。实际上，支付控制只是实现统一监管环境的手段之一。,False,
2.1_1,C,incorrect,False,direct,,"v6x_00484,v6x_00570",ch2-plus-v6-except,欧盟反洗钱指令的核心立法目标与宗旨,允许成员国与欧盟金融情报机构合作讨论立法草案,欧盟反洗钱指令的关键目标是允许成员国与欧盟金融情报机构合作讨论立法草案,选项C错误。教材句卡v6x_00484明确指出指令的关键目标是建立统一的监管环境以防范洗钱。虽然指令中确实包含成员国与FIU合作的内容（如v6x_00570所示），但'允许成员国与欧盟金融情报机构合作讨论立法草案'只是指令实施过程中的具体安排，并非指令的关键目标。将手段误认为目标是本选项的错误所在。,学生可能因为教材中提到指令涉及FIU合作的内容，而误认为这是指令的关键目标。实际上，合作机制是实现统一监管环境的手段，而非目标本身。,False,
2.1_1,D,incorrect,False,direct,,"v6x_00484,v6x_00612",ch2-plus-v6-except,欧盟反洗钱指令的核心立法目标与宗旨,建立一个金融机构（FIs）网络，共同防止整个欧盟的洗钱活动,欧盟反洗钱指令的关键目标是建立一个金融机构网络以共同防止整个欧盟的洗钱活动,选项D错误。教材句卡v6x_00484明确指出指令的关键目标是建立统一的监管环境，而非建立金融机构网络。虽然指令的实施确实涉及金融机构的参与，但'建立金融机构网络'并非指令的关键目标。指令的核心是监管框架的统一，而非机构间网络的建立。,学生可能将指令实施中涉及的金融机构合作要求，误解为指令的目标是建立金融机构网络。实际上，指令的目标是监管环境的统一，金融机构是受监管的对象，而非目标本身。,False,
2.1_10,A,correct,True,direct,cep_00002,"v6x_03339,ch2s_00147,v6x_00860",ch2-plus-v6-except,判断交易或客户行为是否需要升级关注（escalation）的红旗指标,该活动对金融机构的声誉构成风险,对金融机构声誉构成风险的活动应作为升级关注的理由,标准答案判定A为正确选项。教材多处明确将声誉风险列为洗钱的核心负面影响，并指出金融机构特别容易受到声誉风险影响，声誉风险因素应作为识别和升级可疑活动的依据。因此，当一项活动对金融机构声誉构成风险时，有充分理由升级关注。,学生可能误以为只有明确的交易异常（如金额、频率）才需要升级关注，而忽视声誉风险等间接但同样重要的风险因素。实际上，反洗钱框架中声誉风险是触发升级关注的独立且重要的理由。,False,
2.1_10,B,incorrect,False,indirect,,"v6x_02697,v6x_00179",ch2-plus-v6-except,判断交易或客户行为是否需要升级关注（escalation）的红旗指标,这是发起人首次向受益人发送电汇,发起人首次向受益人发送电汇即构成升级关注的理由,标准答案判定B为错误选项。候选教材句卡中没有任何内容将'首次发送电汇'单独列为升级关注的充分理由。电汇本身是正常的金融活动，需要结合其他风险因素（如司法管辖区风险、交易金额异常、与客户画像不符等）综合判断。首次交易可能触发常规尽职调查，但不自动构成升级关注的理由。,学生容易将'首次交易'与'异常交易'混淆，认为首次发生的行为本身就值得警惕。实际上，反洗钱框架强调综合风险评估，单一因素（尤其是首次交易这种中性因素）不足以构成升级关注的充分条件。,False,
2.1_10,C,incorrect,False,indirect,,"v6x_01308,v6x_01307",ch2-plus-v6-except,判断交易或客户行为是否需要升级关注（escalation）的红旗指标,受益人活跃于相关行业,受益人活跃于相关行业即构成升级关注的理由,标准答案判定C为错误选项。教材明确指出'行业并非决定风险大小的唯一因素'，需要结合许多其他因素审视风险。受益人活跃于相关行业本身是一个风险因素，但不足以单独构成升级关注的充分理由。升级关注需要综合评估多项风险指标。,学生可能将'高风险行业'等同于'自动升级'，忽视了反洗钱风险为本方法中综合评估的原则。行业风险只是客户风险画像的一个维度，需要与交易行为、地理风险等因素结合判断。,False,
2.1_10,D,incorrect,False,indirect,,"ch2s_00636,v6x_01274",ch2-plus-v6-except,判断交易或客户行为是否需要升级关注（escalation）的红旗指标,向受益人支付的款项金额较大,向受益人支付的款项金额较大即构成升级关注的理由,标准答案判定D为错误选项。教材明确指出巨大的交易额本身不是可疑或异常活动的必备条件。大额支付需要结合其他风险因素（如与客户画像不符、流向高风险司法管辖区、交易模式异常等）综合判断，单独的大额支付不构成升级关注的充分理由。,学生容易将'大额交易'直接等同于'可疑交易'，忽视了反洗钱监控中需要结合客户画像、交易目的、资金来源等多维度信息进行综合判断的原则。大额交易本身可能是完全合法的商业活动。,False,
2.1_11,A,incorrect,False,indirect,,"ch2s_00147,ch2s_00152",ch2-plus-v6-except,反洗钱违规对金融机构造成的声誉风险后果,扣押资产,扣押资产是金融机构违反反洗钱法可能面临的声誉风险后果。,标准答案判定A选项不正确。教材句卡ch2s_00147将洗钱负面影响分为声誉风险、经营风险、法律风险、集中度风险四类，ch2s_00152将资产扣押列为洗钱负面影响之一，但未将其归入声誉风险类别。结合教材对声誉风险的定义（ch2s_00155：负面公共报道使公众丧失信心），资产扣押属于法律强制措施，不属于声誉风险后果。但缺乏直接句卡明确说明'资产扣押不属于声誉风险'，证据为间接推断。,学生可能将洗钱的所有负面后果都视为声誉风险，未区分法律制裁措施与声誉影响。资产扣押是监管或司法机关的强制措施，属于法律风险，而声誉风险特指公众信心丧失导致的间接后果。,False,
2.1_11,B,incorrect,False,indirect,,"ch2s_00147,ch2s_00151",ch2-plus-v6-except,反洗钱违规对金融机构造成的声誉风险后果,罚款,罚款是金融机构违反反洗钱法可能面临的声誉风险后果。,标准答案判定B选项不正确。教材句卡ch2s_00147将洗钱负面影响分为声誉、经营、法律、集中度四类风险，ch2s_00151将罚款列为负面影响之一。罚款是监管机构对违规行为的直接经济处罚，属于法律制裁或经营成本，而非声誉风险。声誉风险的核心是公众信心丧失（ch2s_00155），罚款不直接体现这一点。但缺乏直接句卡明确说明'罚款不属于声誉风险'，证据为间接推断。,学生可能混淆经济处罚与声誉风险，认为被罚款会损害声誉因此罚款本身是声誉风险。实际上罚款是法律/监管后果，声誉风险是因违规曝光导致客户和公众信任丧失的间接后果。,False,
2.1_11,C,incorrect,False,indirect,,"ch2s_00162,ch2s_00166",ch2-plus-v6-except,反洗钱违规对金融机构造成的声誉风险后果,监控行为的审计成本增加,监控行为的审计成本增加是金融机构违反反洗钱法可能面临的声誉风险后果。,标准答案判定C选项不正确。教材句卡ch2s_00162将业务经营成本增加归为经营风险，ch2s_00166将调查导致的成本增加列为监管后果。审计成本增加属于合规和运营层面的直接影响，应归入经营风险或合规成本，而非声誉风险。声誉风险特指公众信心丧失导致的客户流失等后果（ch2s_00155、ch2s_00156）。缺乏直接句卡明确说明'审计成本增加不属于声誉风险'，证据为间接推断。,学生可能认为监管加强和审计增加会损害声誉，因此将审计成本增加视为声誉风险。实际上审计成本增加是监管升级的直接运营后果，属于经营风险，声誉风险是市场信心层面的间接影响。,False,
2.1_11,D,correct,True,direct,cep_00003,"ch2s_00156,ch2s_00155,ch2s_00148",ch2-plus-v6-except,反洗钱违规对金融机构造成的声誉风险后果,高知名度客户的流失,高知名度客户的流失是金融机构违反反洗钱法可能面临的声誉风险后果。,标准答案判定D选项正确。教材句卡ch2s_00155定义声誉风险为负面公共报道使公众对组织诚信丧失信心，ch2s_00156直接举例说明声誉风险表现为借款人、存款人和投资者因洗钱丑闻终止业务往来，ch2s_00148将盈利业务流失列为洗钱负面影响。高知名度客户的流失正是客户因信心丧失而终止业务关系的典型表现，直接符合教材对声誉风险的定义和举例。,学生可能将客户流失视为经营风险而非声誉风险。教材明确区分：经营风险是因内部流程不足或外部事件导致的直接损失（如成本增加），声誉风险是因公众信心丧失导致的客户和业务流失。,False,
2.1_12,A,incorrect,False,indirect,,"v6x_01633,v6x_01693",ch2-plus-v6-except,违反反洗钱/反恐怖融资监管义务时，不同法律后果的严重程度比较,民事制裁,民事制裁是违反反洗钱/反恐怖融资监管义务最严重的后果,标准答案认定许可证丧失是最严重的后果，因此民事制裁不是最严重的。候选句卡中列举了民事处罚作为违规后果之一，但缺乏教材对各类处罚严重性层级的直接比较或明确排序，无法直接证明民事制裁的严重性低于许可证丧失。基于标准答案进行判断。,学生可能将民事罚款的金额大小与后果严重性直接挂钩，认为巨额罚款是最严重的处罚，而忽略了许可证丧失意味着机构完全失去经营资格，是更为致命的后果。,False,
2.1_12,B,correct,True,direct,cep_00004,"v6x_01767,v6x_01746,v6x_01455",ch2-plus-v6-except,违反反洗钱/反恐怖融资监管义务时，不同法律后果的严重程度比较,许可证的丧失,许可证的丧失是违反反洗钱/反恐怖融资监管义务最严重的后果,标准答案认定许可证的丧失是最严重的后果。候选句卡中有多个直接证据表明，监管机构因金融机构严重违反反洗钱/反恐融资规定而吊销或撤销其经营许可证，这直接导致机构丧失经营资格，是最为致命的处罚后果。,学生可能认为巨额罚款是最严重的后果，因为罚款金额可能非常巨大。但实际上，许可证丧失意味着机构完全失去经营资格，无法继续开展业务，其影响比罚款更为根本和致命。,False,
2.1_12,C,incorrect,False,indirect,,"ch2s_00155,ch2s_00147",ch2-plus-v6-except,违反反洗钱/反恐怖融资监管义务时，不同法律后果的严重程度比较,负面的声誉,负面的声誉是违反反洗钱/反恐怖融资监管义务最严重的后果,标准答案认定许可证丧失是最严重的后果，因此负面声誉不是最严重的。候选句卡中描述了声誉风险的定义和影响，但缺乏教材对声誉风险与许可证吊销等法定处罚的严重性层级比较。基于标准答案进行判断。,学生可能认为声誉损害的影响范围更广、持续时间更长，因此是最严重的后果。但实际上，声誉风险是洗钱活动带来的间接影响之一，而许可证丧失是监管机构直接施加的法定处罚，直接终止机构的经营能力。,False,
2.1_12,D,incorrect,False,indirect,,"v6x_01693,ch2s_00835",ch2-plus-v6-except,违反反洗钱/反恐怖融资监管义务时，不同法律后果的严重程度比较,货币罚款,货币罚款是违反反洗钱/反恐怖融资监管义务最严重的后果,标准答案认定许可证丧失是最严重的后果，因此货币罚款不是最严重的。候选句卡中提供了货币罚款的案例和规定，但缺乏教材对罚款与许可证吊销的严重性层级比较。基于标准答案进行判断。,学生可能被巨额罚款的金额所震撼，认为货币罚款是最严重的后果。但实际上，罚款是一次性的经济损失，而许可证丧失意味着机构永久失去经营资格，其影响更为根本和不可逆。,False,
2.1_13,A,incorrect,False,direct,,"v6x_02609,v6x_02590",ch2-plus-v6-except,执法机构向金融机构提出请求的合法性边界，涉及法院命令、传票、书面请求等不同执法手段的法律效力及金融机构的回应义务,根据书面请求扣押特权文件,执法机构仅凭书面请求即可要求金融机构扣押受特权保护的文件，金融机构有义务配合,选项A声称执法机构仅凭书面请求即可要求金融机构扣押受特权保护的文件，且金融机构有义务配合。但教材句卡v6x_02609明确指出，对于受特权保护的记录，组织代表可以拒绝扣押，并建议交由法院保管。这表明仅凭书面请求扣押特权文件是不合法的，金融机构无需回应。此外，句卡v6x_02590说明扣押文件通常需要法院授权的搜查令，进一步支持该选项错误。,学生可能误以为任何书面执法请求都具有强制力，忽略了特权文件的特殊保护以及法院命令的必要性。,False,
2.1_13,B,correct,True,direct,cep_00005,"v6x_02611,v6x_03280",ch2-plus-v6-except,执法机构向金融机构提出请求的合法性边界，涉及法院命令、传票、书面请求等不同执法手段的法律效力及金融机构的回应义务,根据法院命令冻结一个账户,执法机构依据法院命令要求金融机构冻结账户，该请求合法且金融机构必须回应,选项B声称执法机构依据法院命令要求金融机构冻结账户，该请求合法且金融机构必须回应。教材句卡v6x_02611直接且明确地支持了这一说法：当执法部门获得冻结账户的法院指令时，金融组织应获得指令副本并全力遵照执行。这完全符合标准答案的判断。,学生可能混淆冻结账户与其他执法请求（如扣押文件）的法律要求，误以为冻结账户也需要传票等其他文书。,False,
2.1_13,C,incorrect,False,direct,,"v6x_02579,v6x_02957,ch2s_01300",ch2-plus-v6-except,执法机构向金融机构提出请求的合法性边界，涉及法院命令、传票、书面请求等不同执法手段的法律效力及金融机构的回应义务,在没有传票的情况下提供文件和证词,执法机构在没有传票的情况下要求金融机构提供文件和证词，该请求合法且金融机构必须回应,选项C声称执法机构在没有传票的情况下要求提供文件和证词是合法的，金融机构必须回应。但教材句卡v6x_02579明确指出，强制获得文件和证词的权力来自作证传票。句卡v6x_02957进一步说明，在不要求传票的情况下提供文件属于自愿配合，而非强制义务。句卡ch2s_01300也表明法律通常不允许无传票获取客户文件。因此，该选项错误。,学生可能将金融机构主动配合调查的行为误解为法律义务，忽略了传票在强制获取文件和证词中的必要性。,False,
2.1_13,D,incorrect,False,indirect,,"v6x_02589,v6x_02900",ch2-plus-v6-except,执法机构向金融机构提出请求的合法性边界，涉及法院命令、传票、书面请求等不同执法手段的法律效力及金融机构的回应义务,根据口头要求保持账户开放,执法机构仅凭口头要求即可指令金融机构保持账户开放，该请求合法且金融机构必须回应,选项D声称执法机构仅凭口头要求即可指令金融机构保持账户开放，且该请求合法且金融机构必须回应。候选教材句卡中缺乏直接讨论口头要求法律效力的证据。但句卡v6x_02589提及执法机构要求保持账户开放时需指定时间期限并保存文件，暗示此类要求应为正式书面形式。句卡v6x_02900提及'遵从执法机构的销户或保留账户要求'，通常指正式的执法请求。基于标准答案，该选项错误，口头要求不具备强制金融机构回应的法律效力。,学生可能误以为执法机构的所有要求都具有强制力，忽略了执法请求通常需要书面形式或法院命令等正式法律文书。,False,
2.1_14,A,incorrect,False,indirect,,"ch2s_00070,ch2s_00064",ch2-plus-v6-except,反洗钱体系薄弱国家的社会/经济后果,税收收入的损失,反洗钱案件起诉不严会导致税收收入损失。,标准答案判定A为错误选项。教材句卡ch2s_00070提到洗钱未被查出可能导致税收损失，但这属于洗钱上游犯罪（如逃税）的关联影响，并非题目所问“没有强有力的上游犯罪且起诉不严”的直接社会/经济后果。教材在列举洗钱未被查出的宏观经济影响时，明确将“有组织犯罪和腐败的风险增大”列为首要后果，而税收损失仅作为经济扭曲的组成部分被提及，且题目条件中“没有强有力的上游犯罪”削弱了税收损失的直接关联性。因此，A选项不是最直接、最核心的后果。,学生可能将洗钱的所有潜在后果混为一谈，认为税收损失也是直接后果，但教材在论述反洗钱体系薄弱时，更强调有组织犯罪和腐败的增加。,False,
2.1_14,B,correct,True,direct,cep_00006,"ch2s_00064,ch2s_00202,ch2s_00199",ch2-plus-v6-except,反洗钱体系薄弱国家的社会/经济后果,有组织犯罪和腐败增加,反洗钱案件起诉不严会导致有组织犯罪和腐败增加。,标准答案判定B为正确选项。教材句卡ch2s_00064明确指出“洗钱未被查出可能造成有组织犯罪和腐败的风险增大”，直接对应题目中“对反洗钱案件起诉不严”的条件。ch2s_00202和ch2s_00199进一步确认洗钱会滋生犯罪和腐败，将其列为核心社会后果。题目中“没有强有力的上游犯罪”这一条件并不影响该后果的成立，因为教材论述的是洗钱体系薄弱本身就会导致有组织犯罪和腐败增加，而非仅依赖特定上游犯罪。因此，B选项是教材直接且明确支持的答案。,学生可能认为税收损失或声誉风险也是直接后果，但教材在列举洗钱未被查出的宏观经济影响时，将“有组织犯罪和腐败的风险增大”置于首位，且题目条件强调起诉不严，更直接关联犯罪和腐败的滋生。,False,
2.1_14,C,incorrect,False,indirect,,"ch2s_00073,ch2s_00072",ch2-plus-v6-except,反洗钱体系薄弱国家的社会/经济后果,美国的制裁,反洗钱案件起诉不严会导致美国的制裁。,标准答案判定C为错误选项。教材句卡ch2s_00073提到“国际制裁风险”是洗钱的经济和社会影响之一，但未明确指向“美国的制裁”，且制裁通常需要经过国际组织评估、列入高风险名单等程序，并非仅因一国反洗钱起诉不严就直接触发。题目条件“没有强有力的上游犯罪”进一步削弱了制裁的直接关联性，因为制裁往往针对系统性洗钱问题，而非单一薄弱环节。因此，C选项不是最直接、最典型的后果。,学生可能将国际制裁风险等同于美国制裁，但教材仅泛化提及制裁风险，且制裁触发条件复杂，并非起诉不严的必然直接后果。,False,
2.1_14,D,incorrect,False,indirect,,"ch2s_00075,ch2s_00072",ch2-plus-v6-except,反洗钱体系薄弱国家的社会/经济后果,港口的声誉风险,反洗钱案件起诉不严会导致港口的声誉风险。,标准答案判定D为错误选项。教材句卡ch2s_00075和ch2s_00072均提到声誉风险是洗钱的经济和社会影响，但均指“国家或地区”层面的声誉风险，未特指“港口”的声誉风险。题目条件“没有强有力的上游犯罪且起诉不严”可能导致国家整体声誉受损，但港口声誉风险仅是其中一个可能的具体表现，并非教材直接列出的典型后果。因此，D选项过于狭窄，不是最直接、最核心的答案。,学生可能将声誉风险具体化为某个行业（如港口），但教材论述的是宏观层面的国家或地区声誉风险，而非特定行业的声誉风险。,False,
2.1_15,A,incorrect,False,indirect,,"v6x_01307,v6x_01308",ch2-plus-v6-except,银行终止客户关系的合法理由，特别是涉及政治公众人物（PEP）或高风险客户的声誉风险与异常交易场景,客户在采矿和挖掘行业发了财,客户在采矿和挖掘行业发财，构成银行终止客户关系的充分理由,标准答案未包含选项A，判断为incorrect。教材中虽提及高风险行业，但采矿和挖掘行业未被明确列为高风险行业，且教材强调行业并非决定风险大小的唯一因素。客户在特定行业发财本身不构成银行终止客户关系的充分理由，银行需要结合其他风险因素综合判断。,学生可能误以为某些行业（如采矿、挖掘）天然属于高风险行业，银行可以仅凭客户从事该行业就终止关系。实际上，教材明确指出行业并非决定风险大小的唯一因素，需要结合其他因素综合评估。,False,
2.1_15,B,incorrect,False,indirect,,"v6x_02281,v6x_00190",ch2-plus-v6-except,银行终止客户关系的合法理由，特别是涉及政治公众人物（PEP）或高风险客户的声誉风险与异常交易场景,客户不能（或不愿意）提供符合税收规定的文件证据,客户不能或不愿意提供符合税收规定的文件证据，构成银行终止客户关系的充分理由,标准答案未包含选项B，判断为incorrect。虽然客户不愿提供文件是风险指标，但教材未将税务合规文件缺失单独列为终止客户关系的充分理由。终止关系需要基于综合风险评估，而非单一因素。,学生可能将税务合规问题与反洗钱义务混淆，认为税务文件缺失可直接导致终止关系。实际上，教材强调终止关系需基于无法降低洗钱和恐怖融资风险的综合判断。,False,
2.1_15,C,correct,True,direct,cep_00007,"v6x_00471,v6x_00187,v6x_00473",ch2-plus-v6-except,银行终止客户关系的合法理由，特别是涉及政治公众人物（PEP）或高风险客户的声誉风险与异常交易场景,客户的账户每月有不寻常的大量资金流入增加,客户账户每月有不寻常的大量资金流入增加，构成银行终止客户关系的充分理由,标准答案包含选项C，判断为correct。教材明确指出银行通过持续监控识别异常交易活动，异常活动可触发可疑活动报告，银行在报告后应决定是否继续维持业务关系。每月不寻常的大量资金流入属于典型的异常交易，构成终止客户关系的充分理由。,学生可能认为仅有异常交易不足以终止关系，需要等待调查结果。实际上，教材明确异常交易可触发可疑活动报告，银行有权据此决定是否终止业务关系。,False,
2.1_15,D,correct,True,direct,cep_00008,"ch2s_00155,ch2s_00156,v6x_00189,ch2s_00475",ch2-plus-v6-except,银行终止客户关系的合法理由，特别是涉及政治公众人物（PEP）或高风险客户的声誉风险与异常交易场景,继续保持客户关系会带来越来越大的声誉风险，这可能会对银行的未来业务产生负面影响,继续保持客户关系会带来越来越大的声誉风险，可能对银行的未来业务产生负面影响，构成银行终止客户关系的充分理由,标准答案包含选项D，判断为correct。教材明确定义了声誉风险，并将其列为去风险化（终止客户关系）的原因之一。题目中客户开始政治生涯且政治观点极端，属于政治公众人物相关情形，教材明确指出政治公众人物是声誉风险的重要来源，银行可基于声誉风险考虑终止客户关系。,学生可能认为仅凭政治观点极端不足以终止关系，需要实际违法行为。实际上，教材明确声誉风险（包括潜在负面报道）本身就是终止客户关系的合法理由，无需实际违法。,False,
2.1_15,E,incorrect,False,indirect,,"v6x_03280,v6x_00475",ch2-plus-v6-except,银行终止客户关系的合法理由，特别是涉及政治公众人物（PEP）或高风险客户的声誉风险与异常交易场景,账户持有人的商业伙伴要求冻结资产，称有商业纠纷，对出售给伙伴的商品和服务的质量有异议,账户持有人的商业伙伴因商业纠纷要求冻结资产，构成银行终止客户关系的充分理由,标准答案未包含选项E，判断为incorrect。教材明确资产冻结需由法院实施，银行冻结客户关系应基于制裁名单等法定事由。商业伙伴因商业纠纷要求冻结资产属于民事纠纷范畴，不构成银行主动终止客户关系的充分理由。银行需要法院命令或制裁要求才能采取冻结措施。,学生可能将商业纠纷中的资产冻结要求与银行的反洗钱义务混淆，认为银行应配合商业伙伴的要求。实际上，银行终止客户关系需基于反洗钱/反恐融资风险或法律要求，而非第三方民事纠纷。,False,
2.1_16,A,correct,True,indirect,cep_00009,"v6x_03002,v6x_03436",ch2-plus-v6-except,隐私政策和程序不完善所引发的法律风险,欺诈性商业行为的指控,隐私政策不完善可能导致欺诈性商业行为的指控,标准答案将A列为正确选项。候选句卡中缺乏直接论述“隐私政策不完善导致欺诈性商业行为指控”的教材原文。v6x_03002提及误导性或虚假陈述可能使情况恶化，间接支持隐私政策中的不实声明可能构成欺诈性商业行为。v6x_03436将诉讼定义为法律风险，欺诈性商业行为指控属于诉讼的一种，提供间接关联。整体证据为间接支撑，但符合标准答案判断。,学生可能认为欺诈性商业行为仅与主动欺骗相关，而忽略隐私政策中的虚假承诺或误导性声明同样可能构成欺诈性商业行为指控。,True,正确选项缺少直接教材句卡依据
2.1_16,B,correct,True,direct,cep_00010,"v6x_03477,v6x_01633,ch2s_00164",ch2-plus-v6-except,隐私政策和程序不完善所引发的法律风险,监管处罚,隐私政策不完善会导致监管处罚,标准答案将B列为正确选项。候选句卡中有多张直接证据：v6x_03477说明监管机构有权实施罚款和处罚；v6x_01633列出违反法规的处罚类型；ch2s_00164将罚金和处罚定义为法律风险。这些句卡直接支撑隐私政策和程序不完善会导致监管处罚的论断。,学生可能将监管处罚与声誉受损混淆，认为监管处罚只是声誉影响的一部分，而忽略其作为独立法律风险的地位。,False,
2.1_16,C,incorrect,False,direct,,"ch2s_00147,ch2s_00075,ch2s_00077",ch2-plus-v6-except,隐私政策和程序不完善所引发的法律风险,声誉受损,隐私政策不完善会导致声誉受损,标准答案未将C列为正确选项。教材明确将声誉风险与法律风险分为不同类别（ch2s_00147、ch2s_00075、ch2s_00077），声誉受损属于声誉风险而非法律风险。题目问的是“法律风险”，因此声誉受损不属于正确答案。,学生容易将声誉受损误认为法律风险，因为监管处罚常伴随声誉损害。但教材明确将声誉风险和法律风险分为不同类别，声誉受损是商业影响而非法律风险。,False,
2.1_16,D,incorrect,False,indirect,,"ch2s_00147,ch2s_00163",ch2-plus-v6-except,隐私政策和程序不完善所引发的法律风险,更高的营销和公关成本,隐私政策不完善会导致更高的营销和公关成本,标准答案未将D列为正确选项。教材将风险分为声誉风险、经营风险、法律风险、集中风险（ch2s_00147），更高的营销和公关成本属于经营风险或商业影响范畴，而非法律风险。候选句卡缺乏直接论述隐私政策与营销成本关系的原文，但基于风险分类可判断D不属于法律风险。,学生可能认为隐私政策不完善导致的各种成本增加都属于法律风险，但教材明确区分法律风险与经营风险，营销公关成本属于经营层面的商业影响。,False,
2.1_17,A,incorrect,False,direct,,ch2s_01731,ch2-plus-v6-except,有组织犯罪集团使用空壳公司的目的与手法,由于未注册，空壳公司不需要缴纳所得税和其他销售税,空壳公司因未注册而无需缴纳所得税和其他销售税,选项A声称空壳公司因未注册而无需纳税。但教材句卡ch2s_01731明确指出，犯罪集团是“藉由合法途径注册和成立空壳公司”，这说明空壳公司是经过注册的实体，其“未注册”的前提是错误的。因此，该选项不正确。,学生可能将空壳公司“没有实际业务或资产”的特征，错误地等同于“未注册”或“非法成立”，从而误以为其可以逃避所有税务责任。,False,
2.1_17,B,correct,True,indirect,cep_00011,"ch2s_01434,ch2s_01748",ch2-plus-v6-except,有组织犯罪集团使用空壳公司的目的与手法,因为使用多个空壳公司可以更容易地控制整个经济部门,使用多个空壳公司可以更容易地控制整个经济部门,标准答案判定B为正确。虽然候选句卡中没有直接说明“使用多个空壳公司可以更容易地控制整个经济部门”，但ch2s_01434和ch2s_01748等句卡提供了有组织犯罪集团利用多个实体进行行业渗透和扩张的间接证据，支持了这一逻辑。,学生可能认为空壳公司仅用于洗钱，而忽略了其作为犯罪集团进行经济渗透和获取市场控制权的战略工具。,True,正确选项缺少直接教材句卡依据
2.1_17,C,incorrect,False,direct,,"v6x_00424,v6x_00524",ch2-plus-v6-except,有组织犯罪集团使用空壳公司的目的与手法,因为它们通常受到银行和其他金融服务提供商较轻的尽职调查要求的约束,空壳公司通常受到银行和其他金融服务提供商较轻的尽职调查要求的约束,选项C声称空壳公司受到较轻的尽职调查要求。这与教材中“风险为本”的客户尽职调查原则相悖。句卡v6x_00424和v6x_00524明确指出，尽职调查的程度应根据风险等级调整。空壳公司作为高风险的洗钱工具，通常会触发强化尽职调查，而非简化尽职调查。因此，该选项错误。,学生可能误以为空壳公司没有实际业务，风险较低，从而适用简化尽职调查。实际上，正因为其结构不透明、缺乏商业实质，反而被视为高风险客户，需要强化尽职调查。,False,
2.1_17,D,incorrect,False,direct,,ch2s_00094,ch2-plus-v6-except,有组织犯罪集团使用空壳公司的目的与手法,因为空壳公司通常比合法公司收取更高的价格，所以利润率更高,空壳公司通常比合法公司收取更高的价格，因此利润率更高,选项D认为空壳公司通过收取更高价格来获得更高利润率。然而，教材句卡ch2s_00094指出，犯罪组织控制的企业（包括空壳/前台公司）通常会利用非法资金补贴产品，以低于市场价的价格进行销售，从而获得竞争优势，而非通过高价策略。因此，该选项错误。,学生可能从合法商业逻辑出发，认为所有公司都以利润最大化为目标。但犯罪集团使用空壳公司的首要目的通常是洗钱或市场渗透，而非通过正常商业竞争获取高额利润，因此可能采取低价策略。,False,
2.1_17,E,correct,True,direct,cep_00012,"ch2s_01718,ch2s_01743",ch2-plus-v6-except,有组织犯罪集团使用空壳公司的目的与手法,因为他们可以使用公司的银行账户将存款与合法业务的存款混合起来,使用空壳公司的银行账户可以将非法存款与合法业务的存款混合起来,选项E指出空壳公司被用于混合非法与合法资金。教材句卡ch2s_01718和ch2s_01743直接证实了这一点，明确指出空壳公司的一个主要目的就是将犯罪所得混入合法收入，并描述了将非法收入与合法收入混合存入银行账户的具体操作。因此，该选项正确。,,False,
2.1_18,A,incorrect,False,none,,,ch2-plus-v6-except,空壳公司洗钱对经济体系的影响,更多的关注产品的生产,利用空壳公司洗钱会导致企业更多地关注产品的生产。,标准答案判定该选项错误。候选教材句卡中没有任何内容提及利用空壳公司洗钱会导致企业更多地关注产品生产。相反，教材指出空壳公司的主要目的是转换犯罪所得、制造合法假象、隐藏所有权等，与关注产品生产无关。证据不足，无法直接支撑判断，但基于标准答案判定为错误。,学生可能误以为洗钱活动会促使企业重视生产以掩盖非法资金，但教材并未支持这一推论。,False,
2.1_18,B,correct,True,direct,cep_00013,"ch2s_00096,ch2s_00095",ch2-plus-v6-except,空壳公司洗钱对经济体系的影响,弱化本来存在的合法公司,利用空壳公司洗钱会弱化本来存在的合法公司。,标准答案判定该选项正确。教材明确指出，利用空壳公司或前台公司洗钱会使其拥有大量非法资金，可通过补贴以低于市场价销售，获得不公平竞争优势，导致合法企业难以竞争，从而弱化合法公司。这是洗钱活动带来的主要经济后果之一。,学生可能只关注空壳公司的隐蔽功能，而忽略其对市场竞争秩序的扭曲效应。,False,
2.1_18,C,incorrect,False,indirect,,"ch2s_00095,ch2s_00096",ch2-plus-v6-except,空壳公司洗钱对经济体系的影响,建立更有竞争性的定价体系,利用空壳公司洗钱有助于建立更有竞争性的定价体系。,标准答案判定该选项错误。教材指出洗钱公司利用非法资金补贴产品，以远低于市场价销售，获得不公平竞争优势，这扭曲了正常的市场竞争和定价机制，而非建立更有竞争性的定价体系。,学生可能误以为低价销售意味着竞争性定价，但忽略了这种低价是基于非法资金补贴的不公平竞争，实际上破坏了健康的定价体系。,False,
2.1_18,D,incorrect,False,none,,,ch2-plus-v6-except,空壳公司洗钱对经济体系的影响,在洗钱公司和合法公司之间建立相应的管理体系,利用空壳公司洗钱会在洗钱公司和合法公司之间建立相应的管理体系。,标准答案判定该选项错误。候选教材句卡中没有任何内容提及利用空壳公司洗钱会在洗钱公司和合法公司之间建立管理体系。相反，教材强调空壳公司用于隐藏、混淆和制造假象，其交易复杂不透明，不会建立规范的管理体系。证据不足，无法直接支撑判断，但基于标准答案判定为错误。,学生可能误以为洗钱活动会形成某种管理体系，但教材表明洗钱活动本质是隐蔽和欺骗，不会建立规范的管理体系。,False,
2.1_19,A,correct,True,direct,cep_00014,"ch2s_00148,ch2s_00147",ch2-plus-v6-except,洗钱对金融机构造成的后果,盈利业务的减少或损失,洗钱活动会导致金融机构盈利业务减少或损失,选项A正确。教材句卡ch2s_00148和ch2s_00147均直接指出洗钱的负面影响包括“盈利业务的流失”，与选项A“盈利业务的减少或损失”表述一致，属于洗钱对金融机构的直接后果。,学生可能误以为洗钱只会带来监管罚款等直接财务损失，而忽略声誉风险导致的客户流失和业务机会丧失等间接盈利损失。,False,
2.1_19,B,incorrect,False,direct,,"ch2s_00150,ch2s_00162",ch2-plus-v6-except,洗钱对金融机构造成的后果,代理银行设施的增加,洗钱会导致金融机构代理银行设施增加,选项B错误。教材句卡ch2s_00150明确指出洗钱的负面影响包括“代理银行业务被终止”，ch2s_00162也说明经营风险损失常因代理银行业务减少或终止所致。洗钱风险会导致代理行关系因合规风险而减少或终止（去风险化），而非增加。,学生可能误以为洗钱活动会增加金融机构的业务量，但实际上洗钱风险会导致代理银行关系被终止或减少，即“去风险化”现象。,False,
2.1_19,C,incorrect,False,none,,,ch2-plus-v6-except,洗钱对金融机构造成的后果,雇员人数减少,洗钱会导致金融机构雇员人数减少,选项C错误。候选教材句卡中无直接证据表明洗钱会导致金融机构雇员人数减少。相反，洗钱风险通常迫使金融机构增加合规投入和人员配置以应对监管要求。标准答案未包含C，判断为错误选项。,学生可能认为洗钱丑闻会导致业务萎缩进而裁员，但教材更强调洗钱带来的合规成本增加和人员投入需求。,False,
2.1_19,D,incorrect,False,none,,,ch2-plus-v6-except,洗钱对金融机构造成的后果,公司税的增加,洗钱会导致金融机构公司税增加,选项D错误。候选教材句卡中无任何证据表明洗钱会导致金融机构公司税增加。洗钱的直接财务后果主要是调查费用、罚款、资产扣押等，而非税务负担增加。标准答案未包含D，判断为错误选项。,学生可能混淆洗钱导致的财务后果类型，将罚款与税务混为一谈。洗钱带来的直接财务损失是监管罚款和调查费用，而非公司税。,False,
2.1_19,E,correct,True,direct,cep_00015,"ch2s_00151,ch2s_00166",ch2-plus-v6-except,洗钱对金融机构造成的后果,调查费用和罚金的增加,洗钱会导致金融机构调查费用和罚金增加,选项E正确。教材句卡ch2s_00151直接指出洗钱的负面影响包括“调查费用和罚款”，ch2s_00166也说明监管调查会导致成本增加和罚金。这些是洗钱给金融机构带来的直接财务后果。,学生可能忽略调查费用这一项，只关注罚款。实际上洗钱调查本身也会产生高昂的法律和合规成本。,False,
2.1_2,A,incorrect,False,none,,,ch2-plus-v6-except,资金转移中的危险信号（红旗标志）识别,从相关行业的实体收到大量小额的资金转移,从相关行业的实体收到大量小额的资金转移属于危险信号,标准答案判定选项A为错误，即“从相关行业的实体收到大量小额的资金转移”不被视为资金转移的危险信号。然而，在候选教材句卡中，未找到任何直接列举或定义资金转移危险信号的原文，也没有明确排除该情形的表述。现有句卡多为案例或泛化描述，无法直接支撑或反驳该选项。基于标准答案进行判断，但证据缺口明显。,学生可能误以为只要是大量小额资金转移就一定是危险信号，但教材可能强调需结合业务目的不符、与客户历史交易不符等条件。,False,
2.1_2,B,correct,True,direct,cep_00016,"v6x_02315,v6x_02484",ch2-plus-v6-except,资金转移中的危险信号（红旗标志）识别,资金转账重复发送给同一受益人，与业务目的不符,资金转账重复发送给同一受益人且与业务目的不符属于危险信号,标准答案判定选项B为正确。候选教材句卡v6x_02315明确指出交易与业务目的不符是危险信号，v6x_02484指出向同一受益人电汇资金是危险信号。两者结合，直接支撑“资金转账重复发送给同一受益人，与业务目的不符”属于危险信号的判断。,学生可能忽略“与业务目的不符”这一关键限定条件，误以为所有重复转账都是危险信号。,False,
2.1_2,C,incorrect,False,direct,,"v6x_02919,ch2s_01575",ch2-plus-v6-except,资金转移中的危险信号（红旗标志）识别,资金转移是重复性的，符合预期模式,资金转移是重复性的且符合预期模式属于危险信号,标准答案判定选项C为错误。候选教材句卡v6x_02919明确指出，符合预期模式的交易被视为正常交易，用于判断正常活动，而非危险信号。因此，重复性且符合预期模式的资金转移不构成危险信号。,学生可能将“重复性”本身视为危险信号，而忽略了“符合预期模式”这一排除条件。危险信号通常是与正常模式存在偏差的交易。,False,
2.1_2,D,incorrect,False,indirect,,"v6x_02313,ch2s_00270",ch2-plus-v6-except,资金转移中的危险信号（红旗标志）识别,资金转移到已知同行业内位于风险地区的供应商发起人,资金转移到已知同行业内位于风险地区的供应商发起人属于危险信号,标准答案判定选项D为错误。候选教材句卡v6x_02313和ch2s_00270均指出，涉及高风险地区的资金转移只有在缺乏明显业务理由或与客户历史交易不符时才构成危险信号。选项D中“已知同行业内”的供应商发起人可能具有合理业务理由，因此该情形本身不必然构成危险信号。证据为间接支撑，但足以说明教材规则。,学生容易将“风险地区”与“危险信号”直接划等号，而忽略了业务合理性这一关键判断标准。,False,
2.1_20,A,correct,True,direct,cep_00017,"v6x_00294,ch2s_00140",ch2-plus-v6-except,FATF在成员国存在重大反洗钱战略缺陷时呼吁采取的最严厉行动,采取应对措施,当国家存在重大的反洗钱战略缺陷时，FATF在最严重的情况下呼吁成员国采取应对措施。,选项A正确。教材句卡v6x_00294明确指出，FATF在列明存在严重战略缺陷的司法管辖区时，呼吁成员国在最严重情况下采取应对措施。ch2s_00140也佐证了FATF呼吁采取应对措施的做法。,学生可能将'增强尽职调查'与'应对措施'混淆，认为两者是不同层级的要求。实际上，增强尽职调查是常规要求，而应对措施是在最严重情况下采取的更严厉行动。,False,
2.1_20,B,incorrect,False,indirect,,"v6x_00294,ch2s_00140",ch2-plus-v6-except,FATF在成员国存在重大反洗钱战略缺陷时呼吁采取的最严厉行动,消除所有的金融交易,当国家存在重大的反洗钱战略缺陷时，FATF在最严重的情况下呼吁成员国消除所有的金融交易。,选项B错误。教材明确指出FATF在最严重情况下呼吁的是'应对措施'，如增强尽职调查，而非'消除所有的金融交易'。后者是一种全面切断金融往来的极端措施，教材中无此表述，也不符合FATF的实践。,学生可能误以为'最严重情况'意味着采取最极端的措施，如全面禁止金融交易。实际上，FATF的应对措施是分级的，旨在施加压力而非完全切断经济联系。,False,
2.1_20,C,incorrect,False,indirect,,"v6x_00294,ch2s_00140",ch2-plus-v6-except,FATF在成员国存在重大反洗钱战略缺陷时呼吁采取的最严厉行动,报告高风险的交易,当国家存在重大的反洗钱战略缺陷时，FATF在最严重的情况下呼吁成员国报告高风险的交易。,选项C错误。报告高风险交易是金融机构的一般性反洗钱义务，并非FATF在成员国存在重大战略缺陷时在最严重情况下特别呼吁的行动。教材明确最严重情况下的行动是'应对措施'。,学生可能将'报告高风险交易'与'应对措施'混淆，认为报告高风险交易本身就是一种应对措施。实际上，应对措施是FATF针对存在战略缺陷的司法管辖区所呼吁的特定行动，而报告高风险交易是普遍适用的合规要求。,False,
2.1_20,D,incorrect,False,indirect,,"v6x_00294,v6x_00655",ch2-plus-v6-except,FATF在成员国存在重大反洗钱战略缺陷时呼吁采取的最严厉行动,有助于相互评估,当国家存在重大的反洗钱战略缺陷时，FATF在最严重的情况下呼吁成员国采取有助于相互评估的行动。,选项D错误。相互评估是FATF的常规评估程序，用于评估成员国对建议的遵守情况，而非FATF在成员国存在重大战略缺陷时在最严重情况下呼吁采取的行动。教材明确最严重情况下的行动是'应对措施'。,学生可能将'相互评估'与'应对措施'混淆，认为相互评估本身就是一种应对措施。实际上，相互评估是FATF的常规监督机制，而应对措施是针对存在严重战略缺陷的司法管辖区的特定行动呼吁。,False,
2.1_21,A,incorrect,False,indirect,,"v6x_02621,v6x_02622",ch2-plus-v6-except,制裁信息来源与更新机制,美国联邦调查局的国家安全信件,美国联邦调查局的国家安全信件是获取最新制裁信息的可靠资源,选项A错误。国家安全信函是FBI在调查中秘密获取特定对象信息的工具，并非公开、定期发布制裁信息的资源。教材句卡显示其具有保密性，且用途是调查而非信息发布。,学生可能因国家安全信函与《爱国者法案》相关，而误认为其是制裁信息来源。实际上，它是执法调查工具，而非制裁名单或信息的发布渠道。,False,
2.1_21,B,correct,True,direct,cep_00018,"v6x_01138,ch2s_00134",ch2-plus-v6-except,制裁信息来源与更新机制,美国财政部海外资产控制办公室,美国财政部海外资产控制办公室是获取最新制裁信息的可靠资源,选项B正确。OFAC是美国财政部下属机构，负责管理和执行制裁，并定期发布制裁名单，是获取最新制裁信息的可靠资源。,,False,
2.1_21,C,correct,True,direct,cep_00019,"v6x_00973,v6x_00953",ch2-plus-v6-except,制裁信息来源与更新机制,美国财政部爱国者法案中311条中特别措施,美国财政部爱国者法案中311条特别措施是获取最新制裁信息的可靠资源,选项C正确。《爱国者法案》第311条特别措施授权美国财政部认定“首要洗钱关注对象”并采取特别措施，这些认定和措施是制裁体系的重要组成部分，提供了最新的制裁相关信息。,学生可能将第311条特别措施仅视为一种执法权力，而忽略其作为制裁信息发布和更新渠道的功能。,False,
2.1_21,D,incorrect,False,indirect,,"ch2s_00139,ch2s_00140",ch2-plus-v6-except,制裁信息来源与更新机制,FATF高风险地区和非合作司法地区,FATF高风险地区和非合作司法地区是获取最新制裁信息的可靠资源,选项D错误。FATF是制定反洗钱/反恐融资标准的政府间组织，其高风险和非合作司法管辖区名单是针对制度缺陷的合规评估，并非制裁名单。FATF本身不实施制裁，其名单不能直接等同于获取最新制裁信息的资源。,学生容易混淆FATF的高风险地区名单与制裁名单，误认为FATF名单也是制裁信息。实际上，FATF是标准制定机构，不是制裁执行机构。,False,
2.1_22,A,correct,True,direct,cep_00020,"v6x_01032,v6x_01033",ch2-plus-v6-except,美国爱国者法案下金融机构对海外代理账户的记录保留义务,识别各外国银行所有者的记录,美国金融机构如有海外代理账户，必须保留能识别各外国银行所有者的记录,选项A正确。根据美国爱国者法案第319(b)条及相关实施要求，为外国银行维护代理账户的美国金融机构必须保留能识别该外国银行所有者的记录。教材句卡v6x_01032直接引用了这一要求：必须保留在外国银行拥有25%控股权的所有人的身份记录。这完全符合选项A的表述。,学生可能误以为代理账户记录保留仅涉及交易记录或可疑活动报告，而忽略了对外国银行所有者身份的识别和记录义务。,False,
2.1_22,B,incorrect,False,direct,,"v6x_01005,v6x_01026",ch2-plus-v6-except,美国爱国者法案下金融机构对海外代理账户的记录保留义务,第314（B）节与外国代理账户相关的信息共享结果,美国金融机构如有海外代理账户，必须保留第314(b)节与外国代理账户相关的信息共享结果,选项B错误。第314(b)条规定的信息共享是自愿制度，并非强制性要求。美国爱国者法案中关于海外代理账户记录保留的强制要求来自第319(b)条，而非第314(b)条。因此，金融机构没有义务必须保留第314(b)节的信息共享结果。,学生容易混淆爱国者法案中不同条款的功能：第314(b)条是自愿信息共享机制，第319(b)条才是海外代理账户的强制记录保留要求。,False,
2.1_22,C,incorrect,False,none,,,ch2-plus-v6-except,美国爱国者法案下金融机构对海外代理账户的记录保留义务,购买涉及外国代理账户的3000美元或以上的货币工具,美国金融机构如有海外代理账户，必须保留购买涉及外国代理账户的3000美元或以上货币工具的记录,选项C错误。在候选教材句卡中，未找到任何关于海外代理账户必须保留3000美元或以上货币工具购买记录的直接规定。教材中关于海外代理账户记录保留的明确要求是保留外国银行所有者的身份记录和注册代理人名称，而非货币工具购买记录。货币工具购买记录保留可能属于一般性《银行保密法》要求，但并非专门针对海外代理账户的特别要求。,学生可能将一般性的货币工具购买记录保留要求（如3000美元以上现金购买货币工具的记录保留）与海外代理账户的专门记录保留要求混淆。,False,
2.1_22,D,incorrect,False,none,,,ch2-plus-v6-except,美国爱国者法案下金融机构对海外代理账户的记录保留义务,提交的可疑活动报告和涉及外国代理账户的证明文件,美国金融机构如有海外代理账户，必须保留提交的可疑活动报告和涉及外国代理账户的证明文件,选项D错误。虽然金融机构确实需要保留可疑活动报告及其证明文件，但这是《银行保密法》的一般性记录保留要求，适用于所有账户类型，而非美国爱国者法案专门针对海外代理账户设定的特别记录保留要求。爱国者法案对海外代理账户的特别记录保留要求是识别外国银行所有者的身份记录。,学生容易将一般性反洗钱记录保留要求（如SAR保留）与爱国者法案针对海外代理账户的专门记录保留要求混淆。题目问的是爱国者法案对海外代理账户的特定要求。,False,
2.1_23,A,incorrect,False,indirect,,v6x_00294,ch2-plus-v6-except,金融行动特别工作组（FATF）对存在战略缺陷的司法管辖区的建议措施,开展尽职调查,FATF建议对存在战略缺陷的司法管辖区开展尽职调查,标准答案B为'争取防范应对措施'。选项A'开展尽职调查'是FATF呼吁其成员国对存在战略缺陷的司法管辖区采取的措施，而非对存在战略缺陷的司法管辖区本身的建议。教材句卡v6x_00294显示FATF呼吁成员国采取增强尽职调查，但未表明这是对缺陷司法管辖区的直接建议。因此A不正确。,学生容易混淆FATF对成员国的建议与对存在战略缺陷的司法管辖区的建议，误以为'开展尽职调查'是FATF对缺陷司法管辖区的直接要求。,False,
2.1_23,B,correct,True,direct,cep_00021,"v6x_00294,ch2s_00139,ch2s_00140",ch2-plus-v6-except,金融行动特别工作组（FATF）对存在战略缺陷的司法管辖区的建议措施,争取防范应对措施,FATF建议对存在战略缺陷的司法管辖区争取防范应对措施,标准答案B正确。教材句卡v6x_00294、ch2s_00139和ch2s_00140均直接表明FATF对存在战略缺陷的司法管辖区的建议是采取应对措施（countermeasures），即'争取防范应对措施'。,学生可能将'增强尽职调查'误认为是对缺陷司法管辖区的建议，但尽职调查是应对措施的一种具体形式，而FATF的核心建议是采取应对措施。,False,
2.1_23,C,incorrect,False,none,,,ch2-plus-v6-except,金融行动特别工作组（FATF）对存在战略缺陷的司法管辖区的建议措施,将该司法管辖区列入联合国受制裁名单,FATF建议将该司法管辖区列入联合国受制裁名单,标准答案B为'争取防范应对措施'。选项C'将该司法管辖区列入联合国受制裁名单'在候选教材句卡中无直接证据支持。FATF有自己的名单机制（如高风险司法管辖区名单），但并未建议将存在战略缺陷的司法管辖区列入联合国受制裁名单。联合国制裁名单由联合国安理会决定，与FATF的建议无直接关联。,学生可能混淆FATF的名单机制与联合国制裁名单，误以为FATF会建议将缺陷司法管辖区列入联合国制裁名单。,False,
2.1_23,D,incorrect,False,indirect,,"v6x_00313,v6x_00314",ch2-plus-v6-except,金融行动特别工作组（FATF）对存在战略缺陷的司法管辖区的建议措施,制定行动计划，从而在没有金融行动特别工作组支持的情况下弥补这些缺陷,FATF建议存在战略缺陷的司法管辖区制定行动计划，从而在没有FATF支持的情况下弥补这些缺陷,标准答案B正确。选项D错误，因为教材句卡v6x_00313和v6x_00314明确表明FATF会与存在战略缺陷的司法管辖区共同制定行动计划，并提供支持，而非让其在没有FATF支持的情况下独自弥补缺陷。,学生可能误以为FATF只是指出缺陷后让司法管辖区自行整改，但实际上FATF会与司法管辖区合作制定行动计划并提供支持。,False,
2.1_24,A,incorrect,False,none,,,ch2-plus-v6-except,有组织犯罪集团使用空壳公司的目的与手法,空壳公司的价格一般比合法公司高，所以利润率更高,空壳公司的价格一般比合法公司高，因此使用空壳公司能获得更高的利润率,标准答案判定A为错误选项。候选教材句卡中没有任何关于空壳公司设立成本、价格与合法公司对比的论述，无法直接支撑或反驳该选项。根据教材常识，空壳公司通常没有实际重大资产或业务，其设立成本往往较低，而非价格更高。该选项的因果关系（价格高→利润率高）与空壳公司的基本特征不符。,学生可能误以为空壳公司因其隐蔽性和便利性而具有更高的市场价格，但实际上空壳公司常以低成本购买现成公司，其价值在于洗钱便利性而非高利润率。,False,
2.1_24,B,correct,True,direct,cep_00022,"ch2s_01739,ch2s_01762,ch2s_01761",ch2-plus-v6-except,有组织犯罪集团使用空壳公司的目的与手法,他们可以利用公司的银行账户与合法企业的账户进行套现存款,有组织犯罪集团利用空壳公司的银行账户与合法企业的账户进行套现存款,标准答案判定B为正确选项。教材句卡ch2s_01739明确指出空壳公司可用于制造非法资金来自合法渠道的认识，ch2s_01761和ch2s_01762提供了毒贩将资金存入空壳公司账户后贷给合法餐厅的具体案例，直接支撑有组织犯罪集团利用空壳公司银行账户与合法企业账户进行套现存款的论述。,学生可能将套现存款与一般性存款混淆，需注意这里的套现存款特指通过空壳公司账户将非法资金混入合法经济体系的洗钱整合阶段操作。,False,
2.1_24,C,correct,True,indirect,cep_00023,"ch2s_01748,ch2s_01434,ch2s_01726",ch2-plus-v6-except,有组织犯罪集团使用空壳公司的目的与手法,使用多个空壳公司可以使其更容易控制整个经济部门,使用多个空壳公司可以使有组织犯罪集团更容易控制整个经济部门,标准答案判定C为正确选项。候选教材句卡中虽无直接论述“使用多个空壳公司控制整个经济部门”的原文，但ch2s_01748、ch2s_01434和ch2s_01726等句卡从空壳公司隐藏所有权、有组织犯罪集团利用各行各业扩张、公司结构被滥用于隐匿所有权等角度，间接支撑了通过多个空壳公司形成复杂结构以渗透和控制经济部门的逻辑。,学生可能认为空壳公司仅用于单次洗钱交易，而忽略其可被有组织犯罪集团系统性用于行业渗透和经济控制的战略目的。,True,正确选项缺少直接教材句卡依据
2.1_24,D,incorrect,False,indirect,,"v6x_03336,v6x_03335",ch2-plus-v6-except,有组织犯罪集团使用空壳公司的目的与手法,空壳公司通常受到银行和其他金融服务提供商较轻的尽职调查要求,空壳公司通常受到银行和其他金融服务提供商较轻的尽职调查要求,标准答案判定D为错误选项。教材句卡v6x_03336和v6x_03335明确指出，对于高风险客户，金融机构须执行增强尽职调查，进行更深入的了解。空壳公司因其洗钱高风险特征，应受到更严格而非更轻的尽职调查要求。选项D的说法与教材规定的监管要求相反。,学生可能误以为空壳公司因表面合法而享受较轻审查，但实际上监管框架要求对空壳公司等高风险实体执行更严格的增强尽职调查。,False,
2.1_24,E,incorrect,False,indirect,,"ch2s_01731,ch2s_01732",ch2-plus-v6-except,有组织犯罪集团使用空壳公司的目的与手法,空壳公司不需要缴纳所得税和其他销售税，因为它们没有注册,空壳公司不需要缴纳所得税和其他销售税，因为它们没有注册,标准答案判定E为错误选项。教材句卡ch2s_01731明确指出犯罪集团通过合法途径注册和成立空壳公司，ch2s_01732也说明空壳公司是从专业机构购买的现成公司，均证明空壳公司是经过注册的法律实体。选项E声称空壳公司没有注册因此不需要纳税，与教材事实相悖。空壳公司作为注册实体，在法律上仍需履行纳税义务。,学生可能将空壳公司误解为完全非法的地下实体，实际上空壳公司通常通过合法注册程序成立，其非法性在于被用于洗钱目的，而非其法律地位本身。,False,
2.1_25,A,incorrect,False,none,,,ch2-plus-v6-except,FinCEN规定下初次可疑活动报告后的持续审查期限,30天,金融机构在提交初次可疑活动报告后，必须对该账户进行持续审查的时间为30天。,标准答案指出正确答案为90天，因此30天是错误的。但所有候选教材句卡均未提及FinCEN关于提交初次可疑活动报告后对账户进行持续审查的具体天数规定，无法直接证实或反驳30天这一期限。,学生可能将可疑活动报告提交时限与提交后的持续审查期限混淆。,False,
2.1_25,B,incorrect,False,none,,,ch2-plus-v6-except,FinCEN规定下初次可疑活动报告后的持续审查期限,60天,金融机构在提交初次可疑活动报告后，必须对该账户进行持续审查的时间为60天。,标准答案指出正确答案为90天，因此60天是错误的。但所有候选教材句卡均未提及FinCEN关于提交初次可疑活动报告后对账户进行持续审查的具体天数规定，无法直接证实或反驳60天这一期限。,学生可能将可疑活动报告提交时限与提交后的持续审查期限混淆。,False,
2.1_25,C,correct,True,none,,,ch2-plus-v6-except,FinCEN规定下初次可疑活动报告后的持续审查期限,90天,金融机构在提交初次可疑活动报告后，必须对该账户进行持续审查的时间为90天。,标准答案指出正确答案为90天。但所有候选教材句卡均未提及FinCEN关于提交初次可疑活动报告后对账户进行持续审查的具体天数规定，无法直接证实90天这一期限。,,True,正确选项缺少直接教材句卡依据
2.1_25,D,incorrect,False,none,,,ch2-plus-v6-except,FinCEN规定下初次可疑活动报告后的持续审查期限,120天,金融机构在提交初次可疑活动报告后，必须对该账户进行持续审查的时间为120天。,标准答案指出正确答案为90天，因此120天是错误的。但所有候选教材句卡均未提及FinCEN关于提交初次可疑活动报告后对账户进行持续审查的具体天数规定，无法直接证实或反驳120天这一期限。,学生可能将可疑活动报告提交时限与提交后的持续审查期限混淆。,False,
2.1_26,A,incorrect,False,indirect,,"v6x_02374,ch2s_00147",ch2-plus-v6-except,银行从业人员故意违反反洗钱法律法规所面临的个人监管风险类型,调查和名声受损,调查和名声受损是银行从业人员故意违反反洗钱法规所面临的监管风险,标准答案判定A为错误选项。教材中个人故意违反反洗钱法规的监管风险明确指向罚款、监禁等行政处罚或刑事处罚，而'调查和名声受损'中，'调查'是过程而非最终监管处罚，'名声受损'属于声誉风险。候选句卡v6x_02374直接指出个人故意违规面临'罚款和/或监禁'，间接排除了'名声受损'作为监管风险。ch2s_00147将声誉风险列为独立风险类别，进一步佐证'名声受损'不属于监管风险。但缺乏直接定义'监管风险'边界的句卡，证据为间接。,学生可能将'调查'视为监管行动的一部分，或混淆声誉风险与监管风险，误以为所有负面后果都属于监管风险。,False,
2.1_26,B,correct,True,direct,cep_00024,"v6x_02374,ch2s_00230,v6x_01596",ch2-plus-v6-except,银行从业人员故意违反反洗钱法律法规所面临的个人监管风险类型,罚款以及被行业质疑,罚款以及被行业质疑是银行从业人员故意违反反洗钱法律法规所面临的监管风险,标准答案判定B为正确选项。选项B'罚款以及被行业质疑'精准对应教材中个人故意违反反洗钱法规所面临的监管风险。v6x_02374直接指出个人可能受到'罚款'；ch2s_00230明确列出'暂停执业或禁止在受监管产业从事专业活动'，即'被行业质疑'的具体表现；v6x_01596进一步确认监管机构可对个人处以民事罚款。三张句卡形成直接证据链，完整覆盖选项B的两个要素。,学生可能误以为'被行业质疑'是声誉风险而非监管风险，但教材明确将'暂停执业或禁止从事专业活动'列为个人处罚，属于监管执法行动的直接后果。,False,
2.1_26,C,incorrect,False,indirect,,"v6x_02374,v6x_01633",ch2-plus-v6-except,银行从业人员故意违反反洗钱法律法规所面临的个人监管风险类型,刑事调查甚至入狱,刑事调查甚至入狱是银行从业人员故意违反反洗钱法律法规所面临的监管风险,标准答案判定C为错误选项。'刑事调查甚至入狱'属于刑事法律风险，而非监管风险。监管风险通常指监管机构实施的行政处罚（如罚款、行业禁入），而刑事调查和入狱是司法机关的刑事制裁。v6x_02374和v6x_01633均将'监禁'列为刑事处罚，与民事罚款等监管处罚并列，间接说明二者性质不同。但缺乏直接定义'监管风险'与'刑事风险'边界的句卡，证据为间接。,学生容易混淆'监管风险'与'法律风险'或'刑事风险'，误以为所有法律后果都属于监管风险。实际上监管风险特指监管机构（而非司法机关）采取的执法行动。,False,
2.1_26,D,incorrect,False,direct,,"v6x_01552,ch2s_00214",ch2-plus-v6-except,银行从业人员故意违反反洗钱法律法规所面临的个人监管风险类型,包括对所在金融机构罚款等一系列执法行动,包括对所在金融机构罚款等一系列执法行动是银行从业人员故意违反反洗钱法律法规所面临的监管风险,标准答案判定D为错误选项。题目问的是'银行从业人员'个人面临的监管风险，而选项D描述的是'对所在金融机构罚款'，这是机构面临的执法行动，不是从业人员个人直接面临的监管风险。v6x_01552和ch2s_00214均强调高管承担'个人责任'，明确区分了个人责任与机构责任，直接反驳选项D将机构罚款归为个人监管风险的说法。,学生可能认为机构被罚款也会间接影响从业人员（如影响奖金或职业发展），但题目明确问的是从业人员'故意违反'所面临的监管风险，应聚焦于个人直接承担的法律后果，而非机构层面的处罚。,False,
2.1_27,A,correct,True,direct,cep_00025,"v6x_03228,v6x_01559,v6x_00184",ch2-plus-v6-except,涉及“有意无视”和国际性犯罪因素时，何种活动可能引发可疑活动报告,交易所得可能导致洗钱犯罪指控的非法活动,交易所得可能导致洗钱犯罪指控的非法活动属于可能引发可疑活动报告的情形,选项A表述为“交易所得可能导致洗钱犯罪指控的非法活动”，标准答案判定为correct。教材句卡v6x_03228直接指出涉及特定非法活动的交易所得可引发洗钱指控，v6x_01559和v6x_00184则明确将清洗犯罪所得的交易列为必须提交可疑活动报告的情形。三者共同构成直接证据链，证明该选项所述内容属于可能引发可疑活动报告的合法或非法活动。,学生可能误以为只有已经定罪的非法活动才需要报告，实际上只要交易所得可能引发洗钱犯罪指控，即满足可疑活动报告的触发条件。,False,
2.1_27,B,incorrect,False,none,,,ch2-plus-v6-except,涉及“有意无视”和国际性犯罪因素时，何种活动可能引发可疑活动报告,可疑交易监测系统基础部分的一种介面,可疑交易监测系统基础部分的一种界面属于可能引发可疑活动报告的情形,选项B将“可疑交易监测系统基础部分的一种介面”描述为可能引发可疑活动报告的情形。标准答案判定为incorrect。候选教材句卡中没有任何句卡直接或间接支持“系统界面”本身构成触发可疑活动报告的实质条件。v6x_01377仅提及交易监测系统作为工具使用，无法支撑选项B的论断。证据不足，但基于标准答案判定该选项错误。,学生可能混淆“监测工具”与“触发条件”，误以为系统界面或技术组件本身属于可疑活动报告的情形，而实际上可疑活动报告触发条件是基于交易性质、客户行为等实质风险因素。,False,
2.1_27,C,incorrect,False,none,,,ch2-plus-v6-except,涉及“有意无视”和国际性犯罪因素时，何种活动可能引发可疑活动报告,一种特定的非法活动：藉由集中帐户欺骗来与该帐户并无直接关系的客户,一种特定的非法活动，即藉由集中账户欺骗来与该账户并无直接关系的客户，属于可能引发可疑活动报告的情形,选项C将“藉由集中帐户欺骗来与该帐户并无直接关系的客户”描述为一种特定的非法活动，并暗示其属于可能引发可疑活动报告的情形。标准答案判定为incorrect。候选教材句卡中没有任何句卡支持将可疑活动报告的触发条件限定为这一种特定非法活动类型。v6x_02912仅泛化说明洗钱定义涉及上游犯罪，不能作为直接证据。证据不足，但基于标准答案判定该选项错误。,学生可能误以为可疑活动报告只针对某一种特定非法活动，而实际上触发条件涵盖广泛的非法活动类型，并非仅限于集中账户欺诈。,False,
2.1_28,A,incorrect,False,indirect,,"ch2s_00017,v6x_03400",ch2-plus-v6-except,有意无视（willful blindness）的定义,在与设立于离岸避税庇护所的公司或金融机构进行交易时，未能提交可疑交易报告,有意无视是指在与设立于离岸避税庇护所的公司或金融机构进行交易时，未能提交可疑交易报告。,标准答案判定选项C为正确，因此选项A为错误。教材中关于“有意忽视”的定义明确指向“有意回避明知的事实”或“故意放任”（如ch2s_00017、v6x_03400所示），其核心是一种主观心理状态，即对已知事实的故意回避。选项A描述的是在与离岸避税庇护所实体交易时未能提交可疑交易报告，这属于特定场景下合规义务的违反，可能构成其他违规行为，但并非“有意忽视”的定义本身。候选句卡中无任何内容将有意忽视定义为未能提交可疑交易报告，因此该选项错误。,学生可能将“未能提交可疑交易报告”这一具体违规行为与“有意忽视”的法律定义混淆，误以为任何反洗钱义务的违反都构成有意忽视。实际上，有意忽视强调的是对已知洗钱风险或事实的故意回避心态，而非单纯的程序性违规。,False,
2.1_28,B,incorrect,False,indirect,,"ch2s_00017,v6x_03400",ch2-plus-v6-except,有意无视（willful blindness）的定义,未按规定程序执行客户身份识别程序,有意无视是指未按规定程序执行客户身份识别程序。,标准答案判定选项C为正确，因此选项B为错误。教材中“有意忽视”的定义是“有意回避明知的事实”或“故意放任”（ch2s_00017、v6x_03400），强调的是一种主观故意状态。选项B描述的是“未按规定程序执行客户身份识别程序”，这属于客户尽职调查（CDD）程序性义务的违反，可能源于疏忽、能力不足或故意，但其本身并不等同于“有意忽视”的法律定义。候选句卡中无任何内容将有意忽视定义为未执行客户身份识别程序，因此该选项错误。,学生可能将反洗钱合规中的程序性违规（如未做CDD）与有意忽视的法律概念混为一谈。有意忽视是一种对已知事实的故意回避心态，而程序性违规可能只是操作层面的失误，两者在主观要件上存在本质区别。,False,
2.1_28,C,correct,True,direct,cep_00026,"ch2s_00017,v6x_03400,v6x_01108",ch2-plus-v6-except,有意无视（willful blindness）的定义,有意回避明知的事实或忽视明显的洗钱红旗标志,有意无视是指有意回避明知的事实或忽视明显的洗钱红旗标志。,标准答案判定选项C为正确。教材中多处直接给出了“有意忽视”的定义。ch2s_00017明确指出“这些法院认定有意忽视指'有意回避明知的事实'或者'故意放任'”，v6x_03400也确认“法院将其定义为'有意回避明知的事实'或'故意放任'”，v6x_01108同样表述“有意忽视（即'有意回避明知的事实'）”。选项C“有意回避明知的事实或忽视明显的洗钱红旗标志”准确概括了这一定义的核心内涵，其中“忽视明显的洗钱红旗标志”是“有意回避明知的事实”在反洗钱语境下的具体体现。因此，该选项为正确选项。,学生可能对“忽视明显的洗钱红旗标志”是否属于有意忽视产生疑问。实际上，当红旗标志已经明显到足以构成“明知的事实”时，故意忽视这些标志就等同于“有意回避明知的事实”，这正是有意忽视的典型表现。,False,
2.1_28,D,incorrect,False,indirect,,"ch2s_00017,v6x_00187",ch2-plus-v6-except,有意无视（willful blindness）的定义,由于客户行为显示其可能为洗钱分子或恐怖分子，故基于此等推测而有意回避该客户,有意无视是指由于客户行为显示其可能为洗钱分子或恐怖分子，故基于此等推测而有意回避该客户。,标准答案判定选项C为正确，因此选项D为错误。教材定义有意忽视是“有意回避明知的事实”或“故意放任”（ch2s_00017），其核心是对已知事实的故意回避。选项D描述的是“基于推测而有意回避该客户”，这更接近于“去风险化”（de-risking）行为，即金融组织因客户风险较高而终止或限制业务关系（v6x_00187）。去风险化是一种风险管理或规避策略，可能与有意忽视存在交叉，但其本身并非有意忽视的定义。选项D将基于推测的客户回避等同于有意忽视，混淆了两个不同的概念。,学生容易将“去风险化”与“有意忽视”混淆。去风险化是机构层面的风险规避行为，可能基于合理推测；而有意忽视是法律概念，指对已知事实的故意回避，通常用于证明“明知”要件。两者在主观状态和行为性质上存在区别。,False,
2.1_29,A,incorrect,False,none,,,ch2-plus-v6-except,交易监控警报处理流程中AML分析师的合理行动范围,"进行""低于阈值测试""，以确保自动监控系统运行有效",在决定是否升级警报时，AML分析师可以进行'低于阈值测试'来验证自动监控系统的有效性,标准答案判定A为incorrect。候选教材句卡中无任何内容提及AML分析师在警报处理阶段应进行'低于阈值测试'来验证系统有效性。现有句卡主要涉及交易监控系统的建设要求、阈值在电汇信息中的应用等，均不直接支撑该选项。证据不足，但基于标准答案判定为错误。,学生可能混淆系统验证职责与警报调查职责，误认为分析师在调查警报时需要测试系统阈值设置。,False,
2.1_29,B,incorrect,False,none,,,ch2-plus-v6-except,交易监控警报处理流程中AML分析师的合理行动范围,向涉及该交易的对手方银行发送信息请求,在决定是否升级警报时，AML分析师可以向涉及该交易的对手方银行发送信息请求,标准答案判定B为incorrect。候选教材句卡中关于信息请求的内容均指向金融情报机构之间的信息交换，而非AML分析师在警报处理阶段向对手方银行发送信息请求。无直接证据支撑该选项为合理行动，且教材中信息请求的权限主体与选项描述不符。,学生可能误认为AML分析师在调查警报时可以直接向外部机构请求信息，忽略了信息请求的权限限制和保密义务。,False,
2.1_29,C,correct,True,direct,cep_00027,"v6x_02705,v6x_00407",ch2-plus-v6-except,交易监控警报处理流程中AML分析师的合理行动范围,向负责该账户的客户经理请求相关信息,在决定是否升级警报时，AML分析师可以向负责该账户的客户经理请求相关信息,标准答案判定C为correct。v6x_02705直接描述了在调查过程中联系客户经理以获取客户活动解释的实践，支撑该选项为合理行动。v6x_00407从三道防线机制角度间接支撑AML分析师向业务条线请求信息的合理性。,,False,
2.1_29,D,incorrect,False,none,,,ch2-plus-v6-except,交易监控警报处理流程中AML分析师的合理行动范围,限制客户对账户的访问权限,在决定是否升级警报时，AML分析师可以限制客户对账户的访问权限,标准答案判定D为incorrect。候选教材句卡中无任何内容支撑AML分析师在警报处理阶段有权限制客户账户访问权限。v6x_02237提及的'访问权限'是指系统用户权限管理，与限制客户账户无关。证据不足，但基于标准答案判定为错误。,学生可能混淆系统访问权限与账户操作权限，或误认为AML分析师在调查警报时拥有限制账户的权限。,False,
2.1_3,A,incorrect,False,none,,,ch2-plus-v6-except,第三方尽职调查中的红旗标志识别,第三方有足够的能力提供它所从事的服务或商品,第三方具备足够能力提供所从事的服务或商品，属于红旗标志,标准答案未将选项A列为红旗标志。题目问的是“应考虑哪些红旗标志”，即风险警示信号。第三方具备足够能力提供所从事的服务或商品，属于正常的商业能力评估，是尽职调查中希望看到的正面情况，而非风险警示。候选教材句卡中未提供任何将“第三方具备足够能力”定义为红旗标志的直接或间接证据。,学生可能误以为所有与第三方相关的评估项都是红旗标志，但红旗标志特指异常、可疑或高风险信号，而非正常的商业能力判断。,False,
2.1_3,B,incorrect,False,none,,,ch2-plus-v6-except,第三方尽职调查中的红旗标志识别,第三方声明与政府官员有非家庭或商业关系,第三方声明与政府官员有非家庭或商业关系，属于红旗标志,标准答案未将选项B列为红旗标志。题目问的是“应考虑哪些红旗标志”。第三方声明与政府官员有“非家庭或商业关系”，即声明不存在家庭或商业关系，这本身并不构成风险信号。相反，若第三方与政府官员存在密切的家庭或商业关系，才可能触发政治公众人物相关的增强尽职调查。候选教材句卡中大量涉及政治公众人物定义及其风险，但均未将“声明无关系”列为红旗标志。,学生可能混淆“与政府官员有关系”和“声明无关系”的风险含义。红旗标志通常指向存在可疑关系或隐瞒关系，而非明确声明无关系。,False,
2.1_3,C,correct,True,direct,cep_00028,"v6x_02373,ch2s_01176",ch2-plus-v6-except,第三方尽职调查中的红旗标志识别,第三方要求不寻常的付款或开票程序,第三方要求不寻常的付款或开票程序，属于红旗标志,标准答案将C列为正确选项。教材句卡v6x_02373明确指出供应商或承包商存在“不寻常的账单或付款条款”是风险指标，ch2s_01176也将“异常支付方式”列为危险信号，两者直接支撑选项C作为红旗标志的正确性。,学生可能认为只要付款金额合理就不构成风险，但付款或开票程序的异常本身即是独立的风险信号，即使金额看似正常。,False,
2.1_3,D,correct,True,direct,cep_00029,v6x_02119,ch2-plus-v6-except,第三方尽职调查中的红旗标志识别,第三方在协议中缺乏反腐败合规条款,第三方在协议中缺乏反腐败合规条款，属于红旗标志,标准答案将D列为正确选项。教材句卡v6x_02119明确规定机构应对承包商和供应商在协议中纳入反腐败合规条款，这意味着若第三方协议中缺乏反腐败合规条款，即为应关注的红旗标志。,学生可能忽视合同条款层面的风险信号，只关注交易行为本身。但缺乏反腐败合规条款本身就是治理缺陷的重要警示。,False,
2.1_3,E,incorrect,False,none,,,ch2-plus-v6-except,第三方尽职调查中的红旗标志识别,第三方为货物和服务支付的金额似乎是合理的,第三方为货物和服务支付的金额似乎是合理的，属于红旗标志,标准答案未将选项E列为红旗标志。第三方支付的金额“似乎是合理的”属于正常商业交易的正面特征，而非风险警示信号。红旗标志通常指向异常、不合理或可疑的情况。候选教材句卡中未提供任何将“金额合理”定义为红旗标志的证据。,学生可能误以为所有涉及金额的评估都是红旗标志，但红旗标志关注的是异常情况，如金额过高、过低或与业务不匹配，而非合理的金额。,False,
2.1_30,A,correct,True,direct,cep_00030,"v6x_02409,ch2s_00825",ch2-plus-v6-except,资本市场洗钱活动的可疑迹象与红旗标志识别,某只低价证券突然出现投资者需求激增，导致价格上涨,某只低价证券突然出现投资者需求激增并导致价格上涨，这一现象构成资本市场洗钱的可疑迹象。,选项A描述的低价证券需求激增并导致价格上涨，与教材中明确列举的洗钱红旗标志高度吻合。教材句卡v6x_02409明确指出低价股票曾被用于洗钱相关活动，无正当理由的交易构成危险信号；句卡ch2s_00825将低价证券的异常交易列为可疑信号。标准答案判定A为正确选项，与教材证据一致。,学生可能误认为只有交易量异常才可疑，而忽略价格变动也是红旗标志的一部分；也可能将低价证券的正常市场波动与洗钱操纵混淆。,False,
2.1_30,B,incorrect,False,indirect,,"v6x_03364,v6x_02410",ch2-plus-v6-except,资本市场洗钱活动的可疑迹象与红旗标志识别,某证券的交易模式显示其交易量和价格持续稳定下降,某证券的交易量和价格持续稳定下降构成资本市场洗钱的可疑迹象。,选项B描述的交易量和价格持续稳定下降属于正常的市场调整行为，不符合教材中洗钱可疑交易的典型特征。教材中列举的可疑交易模式通常表现为异常、突发、无正当理由的交易活动（如低价股突然交易激增），而非持续稳定的下降趋势。持续稳定下降更可能是市场因素导致的正常波动，不构成洗钱红旗标志。,学生可能将任何非正常的市场表现都视为洗钱迹象，但洗钱活动通常需要活跃交易来实现资金转移或价值转换，持续萎缩的市场反而不利于洗钱目的。,False,
2.1_30,C,incorrect,False,none,,,ch2-plus-v6-except,资本市场洗钱活动的可疑迹象与红旗标志识别,某公司发现对电子交易基金（ETF）的需求意外增加,某公司发现对电子交易基金（ETF）的需求意外增加构成资本市场洗钱的可疑迹象。,"选项C描述的对ETF需求意外增加，在候选教材句卡中没有直接对应的洗钱红旗标志。教材未将ETF列为高风险洗钱工具，也未将""对特定金融产品需求意外增加""作为独立的可疑交易指标。虽然句卡ch2s_00823提到客户不熟悉产品却仍投资属于可疑行为，但这与ETF需求增加的情景不同。根据标准答案，该选项为错误选项。","学生可能将任何""意外""或""异常""的市场需求变化都视为洗钱迹象，但教材中的红旗标志通常针对具体的交易行为模式（如低价股操纵、不相关账户同步交易），而非某类产品的市场需求变化。",False,
2.1_30,D,incorrect,False,indirect,,"ch2s_00060,v6x_03007",ch2-plus-v6-except,资本市场洗钱活动的可疑迹象与红旗标志识别,某交易客户的证券投资组合集中于一个特定的新兴市场,某交易客户的证券投资组合集中于一个特定的新兴市场构成资本市场洗钱的可疑迹象。,选项D描述的投资组合集中于特定新兴市场，在教材中并未被列为资本市场洗钱的可疑迹象。虽然教材提到新兴市场面临更高的洗钱风险（ch2s_00060），但这属于宏观风险背景，而非具体的客户交易红旗标志。教材列举的可疑交易指标主要针对具体的交易行为模式（如低价证券异常交易、不相关账户同步操作），而非投资组合的地域集中度。根据标准答案，该选项为错误选项。,学生可能将新兴市场的高洗钱风险背景与具体的可疑交易指标混淆，误认为任何涉及新兴市场的投资行为都自动触发可疑交易报告义务。实际上，地域集中度本身不构成红旗标志，需要结合其他异常交易行为综合判断。,False,
2.1_31,A,incorrect,False,direct,,"v6x_00355,v6x_00387,v6x_03337",ch2-plus-v6-except,反洗钱计划中持续监控客户账户活动的义务,继续遵循目前的反洗钱程序,银行可以仅依靠现有程序，不增加对客户账户活动的监控。,选项A主张继续遵循现有程序，但现有程序缺少对客户账户活动的监控。教材明确规定银行不仅应识别客户身份，还应监控账户活动，且对高风险账户的持续监控是反洗钱制度的关键要素。因此该选项错误。,学生可能误以为只要有了客户身份识别程序就满足了反洗钱要求，忽略了持续监控同样是反洗钱计划的核心组成部分。,False,
2.1_31,B,incorrect,False,direct,,"v6x_00387,v6x_00355,v6x_00377",ch2-plus-v6-except,反洗钱计划中持续监控客户账户活动的义务,重点关注高风险客户的接纳程序,银行应仅重点关注高风险客户的接纳程序，而无需修改对客户账户活动的监控。,选项B主张仅重点关注高风险客户的接纳程序，但这只能解决客户准入环节的问题，无法弥补缺少账户活动监控的缺陷。教材明确指出客户接纳政策和持续监控都是反洗钱制度的关键要素，两者不可偏废。因此该选项错误。,学生可能认为加强客户接纳程序就能解决所有反洗钱问题，忽略了开户后的持续监控同样重要，尤其是对高风险客户而言。,False,
2.1_31,C,incorrect,False,direct,,"v6x_01269,v6x_01272,v6x_01255",ch2-plus-v6-except,反洗钱计划中持续监控客户账户活动的义务,降低共同客户的风险等级,银行应降低共同客户的风险等级以简化监控要求。,选项C主张降低共同客户的风险等级，但风险评级的调整必须基于客观的风险评估因素（如客户实际活动、地理区域、客户类型等），而非顾问的个人利益关系。题目中的客户群体（高收入、高净值非居民和离岸客户）本身具有高风险特征，且顾问存在利益冲突，降低风险等级既不合理也不合规。因此该选项错误。,学生可能误以为风险等级可以随意调整，忽略了风险评级必须基于客观因素，且存在利益冲突时更应保持审慎。,False,
2.1_31,D,correct,True,direct,cep_00031,"v6x_00355,v6x_00387,v6x_03337,v6x_00356",ch2-plus-v6-except,反洗钱计划中持续监控客户账户活动的义务,修改操作流程来更好的持续评估客户活动,银行应修改操作流程，以更好地持续评估客户活动。,选项D主张修改操作流程以更好地持续评估客户活动，这与教材要求完全一致。题目中银行的反洗钱计划仅包含客户身份识别程序，缺少对客户账户活动的监控。教材多处明确规定银行必须监控账户活动，尤其对高风险客户（如高收入、高净值非居民和离岸客户）必须进行持续监控。因此这是反洗钱顾问应提出的正确建议。,学生可能忽略题目中明确指出的'没有涉及对客户账户活动的监控'这一关键缺陷，而误选其他选项。,False,
2.1_32,A,correct,True,direct,cep_00032,"ch2s_00048,ch2s_00049,ch2s_00053",ch2-plus-v6-except,洗钱三阶段模型中对不同资金操作行为的阶段归属判断,整合,使用已清洗资金购买高价值资产和奢侈品的行为属于洗钱的整合阶段,标准答案判定选项A为正确。教材明确将洗钱过程分为处置、离析、融合三个阶段，其中融合阶段（又称整合阶段）的特征是将已清洗的资金重新投入经济活动，通过购买高价值资产和奢侈品等看似正常的交易使其获得表面合法性。多个句卡直接支撑这一判断。,学生可能将购买高价值资产误认为是处置阶段（将非法资金首次投入金融系统），但处置阶段的核心是将犯罪所得现金首次注入金融系统，而题目明确是使用“被清洗的资金”进行消费，这属于最后的融合阶段。,False,
2.1_32,B,incorrect,False,direct,,"ch2s_00026,v6x_03487",ch2-plus-v6-except,洗钱三阶段模型中对不同资金操作行为的阶段归属判断,分散交易,使用被清洗的资金购买高价值资产和奢侈品的行为属于洗钱的分散交易阶段,标准答案判定选项B为错误。教材明确指出洗钱通常分为三个阶段：处置、离析、融合。“分散交易”并非教材认可的独立洗钱阶段，可能是对离析阶段中某些具体手法（如结构化交易）的误解或误译。,学生可能将“分散交易”与离析阶段中的“结构化交易”（structuring）混淆，但结构化交易只是离析阶段的一种具体手法，并非独立的洗钱阶段。,False,
2.1_32,C,incorrect,False,direct,,"ch2s_00027,ch2s_00028",ch2-plus-v6-except,洗钱三阶段模型中对不同资金操作行为的阶段归属判断,处置,使用被清洗的资金购买高价值资产和奢侈品的行为属于洗钱的处置阶段,标准答案判定选项C为错误。处置阶段是洗钱的第一阶段，核心特征是将犯罪所得的现金或资产首次投入金融系统（如存入银行、购买金融工具等）。题目描述的是使用“已被清洗”的资金购买高价值资产，这属于第三阶段融合阶段的行为，而非处置阶段。,学生容易混淆处置阶段和融合阶段中涉及购买资产的行为。处置阶段也可能涉及购买资产（如购买豪华汽车将非法资金投放至金融系统），但核心区别在于处置阶段是首次将非法资金注入金融系统，而融合阶段使用的是已经过清洗的资金。,False,
2.1_32,D,incorrect,False,direct,,"ch2s_00026,ch2s_00037",ch2-plus-v6-except,洗钱三阶段模型中对不同资金操作行为的阶段归属判断,建构,使用被清洗的资金购买高价值资产和奢侈品的行为属于洗钱的建构阶段,标准答案判定选项D为错误。教材中洗钱的三个阶段分别为处置、离析、融合。“建构”并非教材认可的洗钱阶段术语，可能是对“离析”（layering）阶段的误译或对“结构化”（structuring）概念的混淆。,学生可能将“建构”误解为洗钱的一个阶段，实际上教材中使用的术语是“离析”（layering），指通过复杂交易掩饰资金来源的阶段。“建构”可能是对英文术语的不准确翻译。,False,
2.1_33,A,incorrect,False,direct,,"v6x_03518,ch2s_00027",ch2-plus-v6-except,洗钱过程的阶段划分，特别是金融阶段的具体名称与定义,融合,融合是洗钱的金融阶段,标准答案D（处置）是洗钱的金融阶段。融合是洗钱的第三个阶段，主要将清洗后的资金重新投入合法经济，使其表面合法，而非将非法所得首次注入金融系统。因此A选项错误。,学生可能混淆“融合”与“处置”的定义，误以为融合阶段涉及金融系统操作即为金融阶段。实际上，金融阶段特指将非法资金首次注入金融体系的处置阶段。,False,
2.1_33,B,incorrect,False,direct,,"v6x_03380,ch2s_00501",ch2-plus-v6-except,洗钱过程的阶段划分，特别是金融阶段的具体名称与定义,拆分,拆分是洗钱的金融阶段,标准答案D（处置）是洗钱的金融阶段。拆分（拆分洗钱法）是洗钱过程中用于逃避报告阈值的一种具体操作方法，通常用于处置或离析阶段，但其本身并非洗钱过程的正式阶段名称。因此B选项错误。,学生可能因“拆分”在洗钱中常见而误认为它是一个独立阶段。实际上，拆分是一种技术手段，可应用于处置或离析阶段，而非三阶段模型中的一环。,False,
2.1_33,C,incorrect,False,direct,,"v6x_03484,v6x_03486,ch2s_00027",ch2-plus-v6-except,洗钱过程的阶段划分，特别是金融阶段的具体名称与定义,离岸,离岸是洗钱的金融阶段,标准答案D（处置）是洗钱的金融阶段。离岸是指离岸金融中心或离岸银行业务，是洗钱可能利用的地理或机构环境，而非洗钱过程本身的阶段名称。洗钱三阶段为处置、离析、融合。因此C选项错误。,学生可能因离岸金融中心常被用于洗钱而误以为“离岸”是一个洗钱阶段。实际上，离岸是洗钱活动发生的地点或工具，可贯穿多个阶段，但本身不是阶段分类。,False,
2.1_33,D,correct,True,direct,cep_00033,"ch2s_00028,ch2s_00027,v6x_03341",ch2-plus-v6-except,洗钱过程的阶段划分，特别是金融阶段的具体名称与定义,处置,处置是洗钱的金融阶段,标准答案D正确。根据教材，洗钱三阶段为处置、离析、融合。其中处置阶段是第一阶段，指将非法所得实际处理并投入金融系统的过程，因此被称为“金融阶段”。选项D与教材定义完全一致。,学生可能对“金融阶段”这一非正式称谓感到陌生，但通过教材对处置阶段的定义（将非法所得投入金融系统）可明确对应。,False,
2.1_34,A,incorrect,False,indirect,,"ch2s_00200,ch2s_00202,ch2s_00143",ch2-plus-v6-except,洗钱对国家造成的经济影响,分散集中于诈欺或腐败犯罪之注意力,洗钱会分散集中于欺诈或腐败犯罪的注意力,标准答案判定A为错误选项。候选教材句卡中无直接论述洗钱会分散对欺诈或腐败犯罪注意力的内容。相反，教材多处指出洗钱会滋生犯罪和腐败，是诈骗和腐败等犯罪无法根除的原因，这表明洗钱与这些犯罪是共生关系，而非分散注意力。因此选项A与教材事实相悖。,学生可能误以为洗钱活动会转移执法资源，从而分散对上游犯罪的注意力。但教材强调的是洗钱与上游犯罪相互依存、共同滋生的关系。,False,
2.1_34,B,correct,True,direct,cep_00034,"ch2s_00203,ch2s_00198,ch2s_00202",ch2-plus-v6-except,洗钱对国家造成的经济影响,破坏合法金融体系与市场,洗钱会破坏合法金融体系与市场,标准答案判定B为正确选项。教材句卡ch2s_00203和ch2s_00198直接陈述洗钱会损害合法金融体系与市场，与选项B表述高度吻合，构成直接证据。此外，ch2s_00202等句卡从经济增长减缓角度间接佐证了洗钱对经济体系的破坏性影响。,,False,
2.1_34,C,incorrect,False,indirect,,"ch2s_00092,ch2s_00196,ch2s_00093",ch2-plus-v6-except,洗钱对国家造成的经济影响,导致私部门成长而不受法规限制,洗钱会导致私营部门成长而不受法规限制,标准答案判定C为错误选项。教材明确指出私营机构是洗钱的重灾区，洗钱活动损害私营机构的合法性并削弱金融部门。洗钱者利用的前台公司表面上合法但实际受犯罪分子控制，并非健康的私部门成长。选项C声称洗钱导致私部门成长不受法规限制，与教材事实完全相反。,学生可能误以为洗钱资金流入私营部门会促进其成长，但教材强调这种表面成长实际是受犯罪分子控制、损害合法私营机构的行为。,False,
2.1_34,D,incorrect,False,direct,,"ch2s_00202,ch2s_00199,ch2s_00116,ch2s_00117",ch2-plus-v6-except,洗钱对国家造成的经济影响,提供经济成长机会,洗钱会提供经济成长机会,标准答案判定D为错误选项。教材多处直接指出洗钱会减缓经济增长、阻碍经济增长，而非提供经济成长机会。ch2s_00202和ch2s_00199明确陈述洗钱减缓经济增长，ch2s_00116进一步解释洗钱将资金从合理投资转向低质量投资从而阻碍经济增长。选项D与教材事实完全相反。,学生可能误以为洗钱资金流入经济体会带来增长，但教材强调洗钱导致资源错误配置、资金转向低质量投资，实际上减缓而非促进经济增长。,False,
2.1_35,A,correct,True,direct,cep_00035,"ch2s_00155,ch2s_00199,ch2s_00156",ch2-plus-v6-except,洗钱活动对发展中国家社会经济的影响，特别是大规模洗钱可能导致的负面后果,降低公众对该国金融行业的信心,大规模洗钱活动会降低公众对该国金融行业的信心,选项A正确。教材明确指出洗钱活动会造成严重的声誉风险，而声誉风险的定义就是公众对组织诚信丧失信心。洗钱丑闻会导致存款人和投资者终止业务往来，直接体现公众对金融行业信心的降低。,学生可能认为洗钱只影响个别涉案机构，而忽略其通过声誉风险对整个金融行业公众信心的系统性打击。,False,
2.1_35,B,incorrect,False,indirect,,"ch2s_00118,ch2s_00119",ch2-plus-v6-except,洗钱活动对发展中国家社会经济的影响，特别是大规模洗钱可能导致的负面后果,阻碍政府的税收激励计划,大规模洗钱活动会阻碍政府的税收激励计划,选项B错误。教材中提及洗钱导致政府税收缩水和征税困难，但未提及洗钱会阻碍政府的税收激励计划。税收激励计划是政府主动采取的优惠政策，洗钱主要影响的是税收收入和征管效率，而非直接阻碍激励计划的实施。证据不足，无法建立直接关联。,学生可能将'税收缩水'和'征税困难'与'阻碍税收激励计划'混为一谈，认为洗钱对税收的负面影响自然包括阻碍激励计划，但两者在教材中是不同层面的问题。,False,
2.1_35,C,incorrect,False,indirect,,"ch2s_00198,ch2s_00199",ch2-plus-v6-except,洗钱活动对发展中国家社会经济的影响，特别是大规模洗钱可能导致的负面后果,降低就业率,大规模洗钱活动会降低就业率,选项C错误。教材提到洗钱'剥削劳动力市场'和'减缓经济增长'，但未直接论述洗钱会降低就业率。'剥削劳动力市场'可能指劳动条件恶化，而非就业率下降；经济增长放缓对就业的影响是间接的，教材未明确建立这一因果链条。,学生可能将'剥削劳动力市场'和'减缓经济增长'直接等同于'降低就业率'，但教材并未明确建立这一因果关系，属于过度推断。,False,
2.1_35,D,correct,True,direct,cep_00036,"ch2s_00067,ch2s_00106",ch2-plus-v6-except,洗钱活动对发展中国家社会经济的影响，特别是大规模洗钱可能导致的负面后果,阻碍外国投资,大规模洗钱活动会阻碍外国投资,选项D正确。教材明确将'对外国投资的抑制效应'列为洗钱未被查出的宏观经济影响之一，并进一步解释当一国商业和金融秩序遭破坏且受有组织犯罪威胁时，外商直接投资意愿将被削弱。,学生可能认为洗钱只会影响金融行业内部，而忽略其通过破坏营商环境和国家声誉对外国投资的抑制作用。,False,
2.1_35,E,incorrect,False,direct,,"ch2s_00112,ch2s_00110",ch2-plus-v6-except,洗钱活动对发展中国家社会经济的影响，特别是大规模洗钱可能导致的负面后果,降低汇率和利率的波动性,大规模洗钱活动会降低汇率和利率的波动性,选项E错误。教材明确指出洗钱对利率和汇率波动产生'负面影响'，洗钱导致的无法预料的资金跨境转移会引发汇率和利率波动。洗钱活动增加经济不确定性，加剧而非降低汇率和利率的波动性。,学生可能误以为洗钱资金流入会稳定市场，但教材明确指出洗钱通过资金异常流动、资源错配等机制加剧宏观经济不稳定性和波动性。,False,
2.1_36,A,correct,True,indirect,cep_00037,"ch2s_00116,ch2s_00108",ch2-plus-v6-except,导致社会对非法活动和洗钱产生依赖的经济与社会因素,经济发展和就业机会发展疲软,疲软的经济发展和就业机会发展会促使社会依赖非法活动和洗钱,标准答案判定A为正确选项。候选教材句卡中缺乏直接论述经济发展疲软和就业机会发展疲软如何造成对非法活动和洗钱依赖的原文。现有句卡仅从洗钱阻碍经济增长或非法所得规模角度间接关联，无法作为直接证据。基于标准答案的权威性，判定为correct，但证据状态为indirect。,学生可能误认为经济发展疲软只是洗钱的背景条件而非直接成因，但教材可能将其列为导致社会依赖非法经济活动的经济因素之一。,True,正确选项缺少直接教材句卡依据
2.1_36,B,incorrect,False,none,,,ch2-plus-v6-except,导致社会对非法活动和洗钱产生依赖的经济与社会因素,金融包容性较弱,金融包容性较弱会造成对非法活动和洗钱的依赖,标准答案判定B为错误选项。候选教材句卡中未找到直接论述金融包容性较弱会造成对非法活动和洗钱依赖的原文。现有句卡仅提及金融包容性相关概念和货币服务企业风险，无法支撑该选项作为正确成因。基于标准答案，判定为incorrect。,学生可能将金融排斥与洗钱风险混淆，认为金融包容性弱直接导致洗钱依赖，但教材可能仅将其视为风险因素而非根本经济和社会成因。,False,
2.1_36,C,incorrect,False,none,,,ch2-plus-v6-except,导致社会对非法活动和洗钱产生依赖的经济与社会因素,公共服务和政府资金薄弱,公共服务和政府资金薄弱会造成对非法活动和洗钱的依赖,标准答案判定C为错误选项。候选教材句卡中未找到直接论述公共服务和政府资金薄弱会造成对非法活动和洗钱依赖的原文。现有句卡仅涉及政府预算和腐败等关联话题，无法作为直接证据。基于标准答案，判定为incorrect。,学生可能认为政府资金薄弱会导致非法经济依赖，但教材可能将其归类为治理缺陷的间接因素而非直接经济和社会成因。,False,
2.1_36,D,correct,True,direct,cep_00038,"ch2s_00064,ch2s_00202,ch2s_00199",ch2-plus-v6-except,导致社会对非法活动和洗钱产生依赖的经济与社会因素,更广泛地接触有组织犯罪和腐败,更广泛地接触有组织犯罪和腐败会造成对非法活动和洗钱的依赖,标准答案判定D为正确选项。候选教材句卡中有多张直接证据表明洗钱与有组织犯罪和腐败之间存在因果关系，洗钱未被查出会增大有组织犯罪和腐败风险，洗钱也会滋生犯罪和腐败。这些句卡直接支撑更广泛接触有组织犯罪和腐败会造成对非法活动和洗钱依赖的论断。,学生可能将有组织犯罪和腐败仅视为洗钱的结果而非成因，但教材明确指出二者互为因果，更广泛接触有组织犯罪和腐败会导致社会对非法经济产生依赖。,False,
2.1_36,E,incorrect,False,indirect,,"ch2s_00196,ch2s_00092",ch2-plus-v6-except,导致社会对非法活动和洗钱产生依赖的经济与社会因素,私营部门合法性薄弱,私营部门合法性薄弱会造成对非法活动和洗钱的依赖,标准答案判定E为错误选项。候选教材句卡中虽有涉及私营部门合法性的内容，但论述方向是洗钱损害私营机构合法性，而非私营部门合法性薄弱造成对非法活动和洗钱的依赖。因果关系与选项相反，无法作为直接证据支撑该选项。基于标准答案，判定为incorrect。,学生可能混淆因果关系，误认为私营部门合法性薄弱是洗钱的成因，但教材可能将其描述为洗钱的结果而非原因。,False,
2.1_37,A,incorrect,False,indirect,,"ch2s_00834,ch2s_00436",ch2-plus-v6-except,反洗钱违规的间接后果与直接后果的区分,惩罚性罚款,惩罚性罚款是反洗钱法律不遵守的间接后果。,标准答案认为惩罚性罚款不是间接后果。教材句卡显示罚款是监管机构对违规行为直接施加的处罚措施，属于直接后果。虽然候选句卡未明确使用'直接后果'与'间接后果'的分类术语，但罚款作为监管执法的直接产物，与间接后果（如市场反应导致的股票下跌）性质不同。,学生可能混淆'经济处罚'与'间接经济损失'。罚款是监管机构直接施加的法定处罚，属于直接后果；而股票价值下跌是市场对违规事件的反应，属于间接后果。,False,
2.1_37,B,correct,True,direct,cep_00039,"ch2s_00154,ch2s_00155",ch2-plus-v6-except,反洗钱违规的间接后果与直接后果的区分,股票价值下跌,股票价值下跌是反洗钱法律不遵守的间接后果。,标准答案认为股票价值下跌是不遵守反洗钱法律的间接后果。教材句卡ch2s_00154明确将'金融组织股票价值下跌'列为洗钱的负面影响，且该影响是通过声誉损害和市场反应间接产生的，而非监管机构直接施加的处罚措施，符合间接后果的特征。,学生可能将所有负面经济影响都视为直接后果。实际上，罚款、制裁、刑事诉讼是监管或司法机关直接施加的，而股票价值下跌是市场对违规事件的间接反应。,False,
2.1_37,C,incorrect,False,indirect,,"ch2s_00135,v6x_02066",ch2-plus-v6-except,反洗钱违规的间接后果与直接后果的区分,制裁,制裁是反洗钱法律不遵守的间接后果。,标准答案认为制裁不是间接后果。教材句卡显示制裁是监管机构（如OFAC）直接施加的处罚措施，与罚款、刑事处罚同属直接法律后果。候选句卡虽未明确区分直接与间接后果，但制裁作为监管执法的直接工具，性质上属于直接后果。,学生可能将'经济制裁'误解为间接经济影响。实际上，制裁是监管机构依法直接施加的限制性措施，属于直接后果；而因制裁导致的商业机会丧失等才是间接后果。,False,
2.1_37,D,incorrect,False,indirect,,"ch2s_00245,ch2s_00834",ch2-plus-v6-except,反洗钱违规的间接后果与直接后果的区分,刑事诉讼,刑事诉讼是反洗钱法律不遵守的间接后果。,标准答案认为刑事诉讼不是间接后果。教材句卡显示刑事诉讼是司法机关对违规行为直接启动的法律程序，与罚款、制裁同属直接法律后果。候选句卡虽未明确使用'间接后果'术语，但刑事诉讼作为法律执行的直接手段，性质上属于直接后果。,学生可能将刑事诉讼的间接影响（如声誉损害）与刑事诉讼本身混淆。刑事诉讼本身是直接法律后果，而因刑事诉讼导致的职业资格丧失、声誉下降等才是间接后果。,False,
2.1_38,A,incorrect,False,direct,,"v6x_01693,v6x_01780,v6x_03477",ch2-plus-v6-except,组织受主管机关裁罚的原因是否仅限于金融犯罪,正确,组织受到主管机关裁罚的唯一原因就是金融犯罪。,选项A声称组织受主管机关裁罚的原因一定是金融犯罪，这是一个绝对化命题。标准答案判定该选项错误。候选教材句卡中存在直接证据：v6x_01693显示银行因“未能妥当培训合规人员”被处以民事罚款，v6x_01780指出金融组织因“合规缺陷”和“董事会未勤勉尽责”被调查和处罚。这些裁罚原因均属于合规或内控缺失，而非金融犯罪本身，直接证明裁罚原因不限于金融犯罪。因此，选项A的绝对化论断被教材事实直接反驳。,学生容易将“金融犯罪执法网络”等监管机构的名称与“金融犯罪”本身混淆，误以为监管机构只处罚金融犯罪行为，而忽略了监管机构同样处罚合规缺陷、内控缺失等非刑事违规行为。,False,
2.1_38,B,correct,False,direct,,"v6x_01693,v6x_01780,v6x_03477",ch2-plus-v6-except,组织受主管机关裁罚的原因是否仅限于金融犯罪,错误,组织受到主管机关裁罚的原因不一定是金融犯罪，还可能包括其他违规行为。,选项B声称组织受主管机关裁罚的原因不一定是金融犯罪，还可能包括其他违规行为。标准答案判定该选项正确。候选教材句卡提供了直接证据：v6x_01693和v6x_01780均显示组织因合规缺陷（如培训不足、未勤勉尽责）而受到主管机关的罚款或调查，这些均非金融犯罪本身。因此，裁罚原因确实不限于金融犯罪，选项B的论断成立。,学生可能误以为监管机构的唯一职责是打击金融犯罪，从而认为所有裁罚都与金融犯罪直接相关。实际上，监管机构对合规体系、内控制度、培训义务等非刑事违规行为同样拥有广泛的处罚权。,False,
2.1_39,A,incorrect,False,none,,,ch2-plus-v6-except,风险为本的防制洗钱方法的核心目的与资源配置逻辑,该方法有助于监管人员关注银行以外部门的防制洗钱控制措施,风险为本的方法主要目的是让监管人员关注银行以外部门的防制洗钱控制措施,标准答案判定选项A为错误。候选教材句卡中未找到直接证据表明风险为本方法的主要目的是让监管人员关注银行以外部门的防制洗钱控制措施。现有句卡仅提及该方法适用于各类金融机构，但未将其核心目的限定于监管关注范围的转移。因此，选项A的表述缺乏教材依据，与风险为本方法的实际目的不符。,学生可能误以为风险为本方法旨在扩大监管范围至非银行部门，但实际上该方法的核心在于根据风险高低配置资源，而非特定部门的监管关注。,False,
2.1_39,B,correct,True,direct,cep_00040,"v6x_00142,v6x_00141",ch2-plus-v6-except,风险为本的防制洗钱方法的核心目的与资源配置逻辑,机构可充分利用有限的资源，重点关注洗钱风险最高的领域,风险为本的方法允许机构将有限资源集中于洗钱风险最高的领域,标准答案判定选项B为正确。教材句卡v6x_00142直接阐述了风险为本方法的核心原则：允许各国根据国情有针对性地利用有限资源，提高防范措施的有效性。这与选项B“机构可充分利用有限的资源，重点关注洗钱风险最高的领域”完全吻合，构成了直接证据支撑。,,False,
2.1_39,C,incorrect,False,none,,,ch2-plus-v6-except,风险为本的防制洗钱方法的核心目的与资源配置逻辑,定量方法比定性方法更为有效,在风险为本方法中，定量方法比定性方法更为有效,标准答案判定选项C为错误。候选教材句卡中未找到任何直接比较定量方法与定性方法有效性的论述。现有句卡仅比较了风险为本方法与规范性方法，未涉及定量与定性方法的优劣之分。因此，选项C的表述缺乏教材依据。,学生可能误以为风险为本方法强调数据量化分析，从而推断定量方法更有效，但教材并未对定量与定性方法进行此类比较。,False,
2.1_39,D,incorrect,False,direct,,"ch2s_00432,ch2s_00437",ch2-plus-v6-except,风险为本的防制洗钱方法的核心目的与资源配置逻辑,该方法允许机构著重销售投资报酬率更高的产品,风险为本的方法允许机构着重销售投资报酬率更高的产品,标准答案判定选项D为错误。教材句卡ch2s_00432和ch2s_00437均明确强调商业利益绝不能置于遵纪守法之上。风险为本方法的目的是根据风险高低配置反洗钱资源，而非以商业利益为导向销售高报酬产品。选项D将风险为本方法曲解为商业利益导向，与教材核心原则直接冲突。,学生可能将“风险为本”误解为“利益为本”，认为可以根据商业回报率来分配资源，但教材明确禁止将商业利益置于合规之上。,False,
2.1_4,A,correct,True,direct,cep_00041,"ch2s_00028,ch2s_00027,v6x_03463",ch2-plus-v6-except,洗钱三阶段中'处置'阶段在存款机构的具体行为识别,向洗钱者的银行账户存进现金,向洗钱者的银行账户存进现金属于洗钱'处置'阶段的行为,选项A正确。根据教材句卡ch2s_00028和ch2s_00027，处置阶段的核心是将非法所得投入金融系统，实际处理犯罪所得的现金。句卡v6x_03463更直接指出，在金融机构账户中存入现金是处置阶段的典型方式。因此，向洗钱者的银行账户存进现金属于处置意图。,学生可能将处置阶段与离析阶段混淆，误以为所有银行交易都属于离析。处置阶段的关键特征是将非法现金首次引入金融系统，而离析阶段是通过层层交易掩盖资金来源。,False,
2.1_4,B,incorrect,False,direct,,"v6x_03487,ch2s_00041,ch2s_00264",ch2-plus-v6-except,洗钱三阶段中'处置'阶段在存款机构的具体行为识别,在不同的银行账户间进行大量的转账交易,在不同的银行账户间进行大量的转账交易属于洗钱'处置'阶段的行为,选项B错误。根据教材句卡v6x_03487，离析阶段是洗钱三步流程中的第二阶段，位于处置之后。句卡ch2s_00041明确将'在同一家金融机构内开立的多个账户间进行互转'列为离析交易的示例。句卡ch2s_00264进一步说明账户间转账的目的是使执法部门难以追踪资金来源，这是离析阶段的典型特征。因此，在不同银行账户间进行大量转账属于离析意图，而非处置意图。,学生容易将处置和离析混淆，认为所有涉及银行账户的操作都属于处置。处置是将非法资金首次引入金融系统，而离析是通过账户间转账等复杂交易掩盖资金来源和审计线索。,False,
2.1_4,C,incorrect,False,direct,,"ch2s_00028,ch2s_00027,ch2s_00050",ch2-plus-v6-except,洗钱三阶段中'处置'阶段在存款机构的具体行为识别,从洗钱者的银行账户中支取大额的现金,从洗钱者的银行账户中支取大额的现金属于洗钱'处置'阶段的行为,选项C错误。根据教材句卡ch2s_00028和ch2s_00027，处置阶段的核心是将非法所得'投入'金融系统，即把现金存入金融机构。从银行账户支取现金是资金从金融系统流出的行为，与处置阶段将资金引入金融系统的方向相反。支取现金更可能发生在融合阶段，即洗钱者将已清洗的资金取出用于消费或投资。因此，从银行账户支取大额现金不属于处置意图。,学生可能误以为任何涉及现金的银行操作都属于处置。处置的关键是'投入'金融系统（存入），而非'取出'（支取）。支取现金通常发生在融合阶段，是洗钱者使用已清洗资金的表现。,False,
2.1_4,D,incorrect,False,direct,,"ch2s_00028,ch2s_00042,ch2s_01461",ch2-plus-v6-except,洗钱三阶段中'处置'阶段在存款机构的具体行为识别,向洗钱者的账户存进现金支票和汇票,向洗钱者的账户存进现金支票和汇票属于洗钱'处置'阶段的行为,选项D错误。根据教材句卡ch2s_00028，处置阶段是将非法所得（通常为现金）投入金融系统。现金支票和汇票本身已是金融工具，将其存入账户属于金融工具之间的转换或转移，而非将非法现金首次引入金融系统。句卡ch2s_00042明确将'将现金换为金融工具（票据）'列为离析交易的示例，说明涉及金融工具的操作通常属于离析阶段。因此，存进现金支票和汇票不属于处置意图，而更可能属于离析阶段的行为。,学生可能混淆'用现金购买金融票据'与'存入金融票据'。前者可能发生在处置阶段（将现金转换为其他形式），但后者是将已存在的金融工具存入账户，属于离析阶段的资金转移和掩盖来源行为。,False,
2.1_40,D,correct,True,direct,cep_00042,"v6x_03477,ch2s_00708,v6x_03478",ch2-plus-v6-except,有权对信用机构反洗钱义务重大偏差出具初步调查报告并提示牌照撤销风险的机构类型,AML监管机构,AML监管机构有权发布指出反洗钱义务重大偏差并提示银行牌照撤销风险的初步调查报告,标准答案判定D为正确选项。教材句卡v6x_03477直接指出监管机构拥有执行检查、实施处罚乃至吊销执照的权力，ch2s_00708提供了监管机构因严重违反反洗钱规定而吊销牌照的真实案例，两者共同构成直接证据，证明AML监管机构有权发布指出反洗钱义务重大偏差并提示银行牌照撤销风险的初步调查报告。,学生可能误以为只有中央银行或发牌机构才能撤销牌照，而忽略了AML监管机构通常兼具监督、检查、处罚和吊销牌照的综合执法权力。,False,
2.1_41,A,incorrect,False,none,,,ch2-plus-v6-except,欧盟（EU）对金融机构（FIs）的隐私与数据保护限制要求,聘请第三方机构补充任何缺失的客户身份信息,欧盟隐私和数据保护法规要求金融机构必须聘请第三方来补充缺失的客户身份信息。,标准答案判定A为错误选项。候选教材句卡中无任何直接证据表明欧盟隐私和数据保护法规强制要求金融机构聘请第三方机构补充缺失的客户身份信息。现有句卡仅提及第三方在客户尽职调查中的一般角色，或GDPR的隐私限制，均不构成对选项A的直接支撑。因此，基于标准答案判定为incorrect。,学生可能误以为金融机构必须依赖第三方完成所有客户身份信息的补充，但欧盟法规强调的是金融机构自身的尽职调查义务，而非强制外包给第三方。,False,
2.1_41,B,correct,True,indirect,cep_00043,"v6x_01827,v6x_01828",ch2-plus-v6-except,欧盟（EU）对金融机构（FIs）的隐私与数据保护限制要求,应用“数据最小化”原则，以避免数据收集过度,欧盟隐私和数据保护法规要求金融机构必须应用“数据最小化”原则，以避免数据收集过度。,标准答案判定B为正确选项。虽然候选教材句卡未直接引用GDPR第5条关于数据最小化的原文，但v6x_01827明确提及GDPR作为金融机构必须查看的隐私法律，而数据最小化是GDPR的核心原则之一，构成间接证据。因此，基于标准答案判定为correct。,学生可能将数据最小化误解为仅适用于科技公司，而忽略其对金融机构的普遍约束力。,True,正确选项缺少直接教材句卡依据
2.1_41,C,incorrect,False,direct,,"v6x_02182,v6x_03345",ch2-plus-v6-except,欧盟（EU）对金融机构（FIs）的隐私与数据保护限制要求,在调查可疑活动后，必须告知客户金融机构获得的任何信息,欧盟隐私和数据保护法规要求金融机构在调查可疑活动后，必须告知客户其获得的任何信息。,标准答案判定C为错误选项。v6x_02182直接指出禁止向可疑活动报告涉及的主体披露信息（即禁止泄密），这与选项C的必须告知客户要求直接冲突，构成直接负面证据。因此，判定为incorrect。,学生可能混淆一般数据主体知情权与反洗钱调查中的禁止泄密义务，误以为客户始终有权获知其信息被调查的情况。,False,
2.1_41,D,correct,True,indirect,cep_00044,"v6x_02802,v6x_02248,v6x_01827",ch2-plus-v6-except,欧盟（EU）对金融机构（FIs）的隐私与数据保护限制要求,在使用机器学习和人工智能（AI）时，遵循严格的指导方针,欧盟隐私和数据保护法规要求金融机构在使用机器学习和人工智能时，必须遵循严格的指导方针。,标准答案判定D为正确选项。候选教材句卡虽未直接引用欧盟AI法案或GDPR第22条的具体条文，但v6x_01827提及GDPR，而GDPR对自动化决策（包括AI/ML）设有严格指导方针，构成间接证据。因此，基于标准答案判定为correct。,学生可能认为AI使用仅受行业自律约束，而忽略欧盟已通过GDPR和拟议AI法案对金融机构使用AI/ML施加了强制性合规要求。,True,正确选项缺少直接教材句卡依据
2.1_42,A,incorrect,False,none,,,ch2-plus-v6-except,客户筛查中触发终止业务关系的金融犯罪风险类型,该客户是某家破产公司的股东,客户是破产公司股东这一事实，构成金融机构必须终止业务关系的金融犯罪风险,标准答案判定选项A不正确。候选教材句卡中没有任何内容将“破产公司股东”这一身份直接与金融犯罪风险或必须终止业务关系挂钩。破产本身属于商业风险或信用风险，并非反洗钱/反恐融资语境下的金融犯罪红旗预警。因此，该选项缺乏教材依据支撑，判断为错误。,学生可能将破产等同于欺诈或犯罪，但破产是合法的法律程序，股东身份本身不构成金融犯罪风险信号。,False,
2.1_42,B,correct,True,direct,cep_00045,"ch2s_00190,ch2s_01434,ch2s_00176,v6x_00473",ch2-plus-v6-except,客户筛查中触发终止业务关系的金融犯罪风险类型,该客户与有组织犯罪集团（黑社会）有关联,客户与有组织犯罪集团（黑社会）有关联，构成金融机构必须考虑终止业务关系的金融犯罪风险,标准答案判定选项B正确。候选教材句卡中有大量直接证据表明有组织犯罪集团深度参与洗钱、欺诈、贩卖人口等金融犯罪活动，并利用金融机构清洗非法收益。客户与有组织犯罪集团有关联属于最严重的金融犯罪红旗预警之一，金融机构必须考虑终止此类业务关系以规避风险。,学生可能误以为PEP身份风险更高，但PEP通常触发强化尽职调查而非必然终止关系；有组织犯罪关联则直接触及金融犯罪核心，风险等级更高。,False,
2.1_42,C,incorrect,False,direct,,"v6x_00170,v6x_00424",ch2-plus-v6-except,客户筛查中触发终止业务关系的金融犯罪风险类型,该客户是政治公众人物（PEP）,客户是政治公众人物（PEP）这一身份，构成金融机构必须终止业务关系的金融犯罪风险,标准答案判定选项C不正确。教材明确规定PEP身份触发的是强化尽职调查措施，包括获得高级管理层批准、识别财富来源和持续监控，而非自动终止业务关系。PEP本身是合法身份，只是因潜在腐败风险需要额外审查，与有组织犯罪集团关联有本质区别。,学生常混淆PEP的强化尽职调查要求与必须终止业务关系的红线。PEP是风险信号但非犯罪信号，金融机构通常采取管理措施而非一刀切终止。,False,
2.1_42,D,incorrect,False,none,,,ch2-plus-v6-except,客户筛查中触发终止业务关系的金融犯罪风险类型,该客户涉嫌违反建筑许可限制,客户涉嫌违反建筑许可限制这一行为，构成金融机构必须终止业务关系的金融犯罪风险,标准答案判定选项D不正确。候选教材句卡中没有任何内容将“违反建筑许可限制”与金融犯罪或洗钱风险直接关联。建筑许可违规通常属于行政法规违反行为，不涉及非法经济收益或洗钱上游犯罪，因此不构成金融机构必须终止业务关系的金融犯罪风险。,学生可能将任何违法行为等同于金融犯罪，但反洗钱语境下的金融犯罪主要指产生非法收益并可被清洗的特定犯罪类型，建筑许可违规通常不在此列。,False,
2.1_43,A,correct,True,direct,cep_00046,"v6x_01552,v6x_01571,v6x_02848",ch2-plus-v6-except,美国银行因违反AML规定收到监管整改命令后，高级管理层和指定AML合规官可能面临的个人责任类型（民事/刑事）及触发条件,如果指定的AML合规官和高级管理层在明知违规的情况下未采取行动，他们可能面临个人责任,如果指定的AML合规官和高级管理层在明知违规的情况下未采取行动，他们可能面临个人责任,选项A正确。教材句卡v6x_01552明确指出监管机构要求高级管理层对组织违规和未能采取行动承担个人责任，v6x_01571进一步确认合规专员可能因不当行为承担个人责任并遭起诉。这些直接证据共同支撑了'明知违规而未采取行动可能面临个人责任'的判断。选项A的表述使用了'可能'这一限定词，与教材中'越来越多地要求'的趋势性描述相符，逻辑严谨。,学生可能误认为只有收到监管命令才会触发个人责任，而忽略了'明知违规而未采取行动'这一主观要件才是触发个人责任的关键。实际上，个人责任的触发条件在于故意不作为或不当行为，而非仅仅收到监管命令。,False,
2.1_43,B,incorrect,False,indirect,,"v6x_01547,v6x_01548,ch2s_00436",ch2-plus-v6-except,美国银行因违反AML规定收到监管整改命令后，高级管理层和指定AML合规官可能面临的个人责任类型（民事/刑事）及触发条件,由于银行收到监管命令，指定的AML合规官可能面临刑事起诉,由于银行收到监管命令，指定的AML合规官可能面临刑事起诉,选项B错误。教材句卡显示监管执法活动确实针对合规官，但现有证据表明违规通常导致民事罚款（如v6x_01548中La Fontaine被处以民事罚款），而非必然刑事起诉。选项B将'收到监管命令'与'刑事起诉'直接挂钩，缺乏教材依据。刑事起诉通常需要更严重的主观要件（如故意违法、参与洗钱等），仅收到监管命令本身不足以构成刑事起诉的充分条件。,学生可能混淆'监管命令'与'刑事起诉'的关系，误认为收到监管命令就意味着可能面临刑事起诉。实际上，监管命令是行政监管措施，刑事起诉需要满足更高的证据标准和主观要件。,False,
2.1_43,C,incorrect,False,direct,,"v6x_01552,v6x_01547,v6x_01747",ch2-plus-v6-except,美国银行因违反AML规定收到监管整改命令后，高级管理层和指定AML合规官可能面临的个人责任类型（民事/刑事）及触发条件,公司高级管理团队中，只有指定的AML合规官可能因AML违规而承担个人责任,公司高级管理团队中，只有指定的AML合规官可能因AML违规而承担个人责任,选项C错误。多项教材句卡直接证明个人责任的主体范围远不止AML合规官。v6x_01552明确高级管理层需承担个人责任；v6x_01547列举执法活动针对执行管理层、董事会和合规官；v6x_01747提供董事承担个人责任的具体案例。这些证据共同表明，高级管理团队中多个角色（包括CEO、董事、首席风险官等）都可能因AML违规承担个人责任，而非仅限于指定的AML合规官。,学生可能因AML合规官被明确指定负责反洗钱合规工作，而误认为只有该职位承担个人责任。实际上，现代监管趋势强调高级管理层的集体责任，董事会和其他高管同样可能因监督不力或未能采取行动而承担个人责任。,False,
2.1_43,D,incorrect,False,indirect,,"v6x_01571,ch2s_00138,ch2s_00835",ch2-plus-v6-except,美国银行因违反AML规定收到监管整改命令后，高级管理层和指定AML合规官可能面临的个人责任类型（民事/刑事）及触发条件,银行的AML合规官和高级管理层可能因AML违规面临民事起诉，但不会面临刑事起诉,银行的AML合规官和高级管理层可能因AML违规面临民事起诉，但不会面临刑事起诉,选项D错误。教材句卡ch2s_00138明确指出违规可能面临'刑事和民事处罚'，ch2s_00835也确认AML制度缺陷可能导致'刑事处罚'。v6x_01571使用'起诉'这一未限定类型的表述，暗示刑事起诉的可能性。选项D断言'不会面临刑事起诉'过于绝对，与教材中刑事和民事处罚并存的表述直接冲突。虽然民事处罚更为常见，但刑事起诉的可能性确实存在，尤其在故意违法或严重疏忽的情况下。,学生可能因教材中民事罚款案例较多（如La Fontaine案），而误认为AML违规只导致民事处罚。实际上，反洗钱法律框架同时包含刑事和民事处罚机制，刑事起诉虽门槛较高但确实存在可能性。,False,
2.1_44,A,incorrect,False,indirect,,"v6x_01827,v6x_01828",ch2-plus-v6-except,反洗钱（AML）控制中个人数据收集与使用的限制措施,允许各部门不受限制地访问客户数据，以加快决策过程,允许各部门不受限制地访问客户数据，以加快决策过程，是限制个人数据收集和使用的适当措施。,选项A主张允许各部门不受限制地访问客户数据，这与数据保护原则相悖。教材句卡v6x_01827明确指出发布客户信息前必须查看隐私法律和公司政策中的限制规定，说明数据访问应受约束而非不受限制。v6x_01828强调反洗钱法与数据隐私法不应相互排斥，进一步暗示数据访问需在隐私法框架内进行。因此，选项A不是限制个人数据收集和使用的适当措施。,学生可能误以为为了加快反洗钱决策可以牺牲数据隐私保护，但教材强调反洗钱法与数据隐私法应协调共存，数据访问必须遵守限制规定。,False,
2.1_44,B,correct,True,indirect,cep_00047,"v6x_01828,v6x_01827",ch2-plus-v6-except,反洗钱（AML）控制中个人数据收集与使用的限制措施,实施“数据最小化”策略，仅收集交易监控所需的个人数据,实施“数据最小化”策略，仅收集交易监控所需的个人数据，是限制个人数据收集和使用的适当措施。,选项B主张实施数据最小化策略，仅收集交易监控所需的个人数据。虽然候选教材句卡中没有直接提及“数据最小化”这一术语，但v6x_01828和v6x_01827均强调反洗钱法需与数据隐私法协调、遵守隐私限制规定，而数据最小化是数据隐私保护的核心原则。根据标准答案，该选项是正确的限制个人数据收集和使用的措施。,学生可能认为反洗钱需要尽可能多的数据，但数据最小化原则要求仅收集必要数据，这与反洗钱合规并不矛盾。,True,正确选项缺少直接教材句卡依据
2.1_44,C,correct,True,direct,cep_00048,"v6x_02551,v6x_01522,v6x_01420",ch2-plus-v6-except,反洗钱（AML）控制中个人数据收集与使用的限制措施,定期审查和更新数据处理政策，以确保符合行业标准,定期审查和更新数据处理政策，以确保符合行业标准，是限制个人数据收集和使用的适当措施。,选项C主张定期审查和更新数据处理政策以确保符合行业标准。教材句卡v6x_02551、v6x_01522和v6x_01420均直接要求机构对制度、政策和流程进行定期审查和更新，以反映变化和改进。这些句卡直接支撑了选项C的正确性，说明定期审查和更新是限制个人数据收集和使用的适当措施。,学生可能认为一次性制定政策即可，但教材强调政策和制度需要定期审查和更新以适应变化，这是持续合规的关键。,False,
2.1_44,D,incorrect,False,indirect,,"v6x_01827,v6x_01826",ch2-plus-v6-except,反洗钱（AML）控制中个人数据收集与使用的限制措施,允许重新利用已收集的数据，以避免重复处理,允许重新利用已收集的数据，以避免重复处理，是限制个人数据收集和使用的适当措施。,选项D主张允许重新利用已收集的数据以避免重复处理。教材句卡v6x_01827强调发布客户信息前必须查看隐私法律和公司政策中的限制规定，暗示数据不可随意重新利用。v6x_01826举例说明营销部门可能想利用客户数据，但结合隐私限制规定，这种重新利用需受约束。数据保护原则中的目的限制要求数据不得超出原定目的使用，因此选项D不是限制个人数据收集和使用的适当措施。,学生可能认为重新利用已有数据可以提高效率，但数据保护法中的目的限制原则禁止将数据用于与原收集目的不兼容的用途。,False,
2.1_45,A,correct,True,indirect,cep_00049,"v6x_02572,v6x_02718,v6x_00523",ch2-plus-v6-except,欧盟受监管资产管理公司的反洗钱关键措施义务,对潜在客户进行负面新闻筛查,欧盟受监管的资产管理公司应当对潜在客户进行负面新闻筛查,标准答案判定A为正确。候选教材句卡中虽有多张涉及负面新闻筛查的重要性和验证要求，但缺乏直接引用欧盟反洗钱指令明确要求资产管理公司必须进行负面新闻筛查的条款。现有证据均为间接支持，表明负面新闻筛查是风险为本方法下的合理措施，但未形成直接法规依据。,学生可能误以为负面新闻筛查仅适用于银行业，而忽略资产管理公司同样面临声誉风险和洗钱风险，需将其纳入客户尽职调查体系。,True,正确选项缺少直接教材句卡依据
2.1_45,B,incorrect,False,direct,,"v6x_00170,v6x_00559",ch2-plus-v6-except,欧盟受监管资产管理公司的反洗钱关键措施义务,拒绝所有政治公众人物（PEPs）作为客户,欧盟受监管的资产管理公司必须拒绝所有政治公众人物作为客户,标准答案判定B为错误。教材句卡v6x_00170和v6x_00559直接表明，欧盟反洗钱法规对政治公众人物的要求是实施强化尽职调查措施，包括获得高级管理层批准、识别财富和资金来源以及持续监控，而非一概拒绝接纳为客户。选项B的绝对化表述与法规要求相悖。,学生容易将'高风险客户'与'禁止接纳'混淆，误以为PEP风险过高应直接拒绝，实际上反洗钱法规要求的是风险缓释而非完全排斥。,False,
2.1_45,C,incorrect,False,indirect,,"v6x_00368,v6x_01963",ch2-plus-v6-except,欧盟受监管资产管理公司的反洗钱关键措施义务,邀请潜在客户进行入职面谈,欧盟受监管的资产管理公司应当邀请潜在客户进行入职面谈,标准答案判定C为错误。候选教材句卡显示，欧盟反洗钱框架允许非面对面客户关系，仅要求身份识别与核实流程与面访同样有效，并未将入职面谈列为资产管理公司的强制性反洗钱措施。面谈可能作为辅助手段，但非法定义务。,学生可能将银行业务中常见的面谈实践误认为法定要求，忽略了风险为本方法下可根据风险等级选择不同身份核实方式。,False,
2.1_45,D,correct,True,direct,cep_00050,"v6x_00436,v6x_00596,v6x_01881",ch2-plus-v6-except,欧盟受监管资产管理公司的反洗钱关键措施义务,了解资产的来源和资金来源,欧盟受监管的资产管理公司应当了解资产的来源和资金来源,标准答案判定D为正确。多张教材句卡直接表明，欧盟反洗钱框架要求义务实体在客户尽职调查中核实财富来源和资金来源，这是风险为本方法下的核心措施之一，资产管理公司作为受监管实体必须履行该义务。,学生可能将'了解资金来源'与'财务稳定性评估'混淆，前者是反洗钱核心要求，后者属于审慎监管或投资适当性范畴。,False,
2.1_45,E,incorrect,False,none,,,ch2-plus-v6-except,欧盟受监管资产管理公司的反洗钱关键措施义务,针对特定客户制作财务稳定性报告,欧盟受监管的资产管理公司应当针对特定客户制作财务稳定性报告,标准答案判定E为错误。候选教材句卡中未找到任何关于欧盟反洗钱法规要求资产管理公司制作财务稳定性报告的条款。财务稳定性报告通常属于审慎监管或投资适当性评估范畴，而非反洗钱核心义务。现有句卡涉及资产管理公司的反洗钱政策和程序缺陷、风险评估要求等，但均未提及财务稳定性报告。,学生可能将反洗钱义务与审慎监管要求混淆，误以为财务稳定性评估是反洗钱客户尽职调查的一部分。,False,
2.1_46,A,correct,True,direct,cep_00051,"v6x_02549,v6x_00454",ch2-plus-v6-except,AML交易监测系统选择与实施的关键考虑因素,监测系统是否与银行的规模、业务、复杂性和风险相适应,AML交易监测系统应与银行的规模、业务性质、复杂程度及风险状况相适应。,选项A正确。教材明确指出交易监控规则应采用风险为本方法，并考虑组织的规模、产品及特点（v6x_02549），同时要求监控系统必须有效且适当（v6x_00454）。这直接支撑了系统应与银行规模、业务、复杂性和风险相适应的要求。,学生可能误以为所有银行应采用统一的监控系统标准，而忽略了风险为本方法要求系统必须与机构自身风险状况相匹配。,False,
2.1_46,B,incorrect,False,indirect,,"v6x_01421,v6x_01820",ch2-plus-v6-except,AML交易监测系统选择与实施的关键考虑因素,供应商是否制定了适当的内部控制措施，以用于系统设计和数据集成架构,选择AML系统时，应重点考虑供应商是否已制定用于系统设计和数据集成的内部控制措施。,选项B不正确。教材强调内部控制措施是银行自身反洗钱制度的重要组成部分（v6x_01421），而非供应商的责任。虽然采用第三方供应商时需要筛选流程（v6x_01820），但教材并未将供应商是否制定了内部控制措施作为AML系统选型的关键考虑因素。系统设计和数据集成的内部控制责任应在银行自身。,学生可能混淆供应商尽职调查与供应商内部控制的概念，误以为供应商的内部控制措施是选型的关键标准。实际上，银行自身的内部控制才是重点。,False,
2.1_46,C,incorrect,False,indirect,,"v6x_02237,v6x_01437",ch2-plus-v6-except,AML交易监测系统选择与实施的关键考虑因素,监测系统的权限和用户访问设置（用于审查、调查和报告系统生成的警报）是否与其他银行采用的设置一致,AML监测系统的权限和用户访问设置应与其他银行采用的设置保持一致。,选项C不正确。教材指出用户访问权限应基于分级设置（v6x_02237），并遵循双重管控和职责分离原则（v6x_01437）。权限设置应以本机构的风险状况、职责分工和保密要求为依据，而非追求与其他银行一致。没有教材证据支持权限设置需要与其他银行保持一致。,学生可能误以为行业最佳实践意味着所有银行应采用相同的权限设置，忽略了权限设置应基于机构自身风险状况和职责分离原则进行定制。,False,
2.1_46,D,correct,True,direct,cep_00052,"v6x_00457,v6x_02230",ch2-plus-v6-except,AML交易监测系统选择与实施的关键考虑因素,监测系统是否可以配置为执行交易活动趋势分析，并识别异常业务关系和交易,AML监测系统应可配置为执行交易活动趋势分析，并识别异常业务关系和交易。,选项D正确。教材明确要求监控系统应生成客户活动趋势分析，识别异常业务关系和交易（v6x_00457），并具备储存数据以供趋势分析之用的能力（v6x_02230）。这是AML交易监测系统的核心功能要求。,学生可能忽略趋势分析的重要性，仅关注单笔交易的监测，而教材强调系统应具备分析客户活动趋势和识别异常业务关系的能力。,False,
2.1_47,A,correct,True,indirect,cep_00053,"v6x_00412,v6x_02886",ch2-plus-v6-except,金融机构在发现贷款流程中存在未经核准评估师参与的例外情况后，反洗钱专家应如何履行审查与报告义务,确定贷款承销商是否审查了评估师执照的有效性,反洗钱专家应首先核实贷款承销商在批准例外时是否履行了对评估师执照有效性的审查义务,标准答案判定A为正确。现有教材句卡中缺乏直接规定“反洗钱专家应首先核实贷款承销商是否审查了评估师执照有效性”的原文，但v6x_00412指出反洗钱专员需复查例外报告，这为核实例外批准中的审查义务提供了间接依据。题目场景中，评估师不在核准名单且贷款价值异常，反洗钱专家首先应回溯核查内部审批流程是否合规，符合内部调查的合理顺序。,学生可能误以为发现异常后应立即报告执法部门或直接提交可疑交易报告，而忽略了反洗钱内部调查中首先应核实员工是否履行了审查义务这一基础步骤。,True,正确选项缺少直接教材句卡依据
2.1_47,B,incorrect,False,direct,,v6x_02904,ch2-plus-v6-except,金融机构在发现贷款流程中存在未经核准评估师参与的例外情况后，反洗钱专家应如何履行审查与报告义务,提醒当地执法部门注意承销商和评估师之间的潜在共谋关系,反洗钱专家应立即将承销商与评估师之间可能存在的共谋关系报告给当地执法部门,标准答案判定B为错误。教材句卡v6x_02904明确指出，联系执法部门应在提交可疑活动报告之后进行。题目场景中反洗钱专家尚未完成内部调查和报告提交，直接提醒执法部门不符合反洗钱可疑活动报告的标准流程。,学生可能认为发现潜在共谋关系属于严重问题，应第一时间通知执法部门，但忽略了反洗钱合规流程中必须先完成内部调查和提交可疑交易报告的前置要求。,False,
2.1_47,C,incorrect,False,indirect,,"v6x_02839,v6x_02840",ch2-plus-v6-except,金融机构在发现贷款流程中存在未经核准评估师参与的例外情况后，反洗钱专家应如何履行审查与报告义务,在提交可疑交易报告之前，记录承销商的行为,反洗钱专家应在提交可疑交易报告之前先记录承销商的行为,标准答案判定C为错误。现有教材句卡强调记录保存的重要性，但未明确规定记录行为必须在提交可疑交易报告之前完成。选项C将“记录承销商的行为”作为提交报告前的独立步骤，缺乏教材直接依据。反洗钱流程中记录是持续性要求，而非提交报告的前置条件。,学生可能认为任何调查步骤都应先记录再报告，但教材并未将记录行为单独列为提交可疑交易报告前的必要步骤，记录与调查、报告是并行或持续的过程。,False,
2.1_47,D,incorrect,False,indirect,,"v6x_01654,v6x_01698",ch2-plus-v6-except,金融机构在发现贷款流程中存在未经核准评估师参与的例外情况后，反洗钱专家应如何履行审查与报告义务,对评估人员进行高端房地产贷款反洗钱合规培训,反洗钱专家应推荐对评估人员进行高端房地产贷款反洗钱合规培训,标准答案判定D为错误。教材句卡v6x_01654提到银行应评估第三方是否需要培训，但这是制度建设的长期措施，而非处理当前已发现可疑活动的优先步骤。题目中反洗钱专家面对的是已发生的例外批准和贷款价值异常，应首先进行内部调查核实，而非对外部评估人员进行培训。,学生可能认为评估师不在核准名单上说明其缺乏合规意识，应通过培训解决，但忽略了当前首要任务是调查已发生的可疑活动，培训是后续改进措施而非优先行动。,False,
2.1_48,A,correct,True,direct,cep_00054,"v6x_02659,v6x_02671,v6x_01127",ch2-plus-v6-except,违反反洗钱法律法规导致的两大风险类型，以汇丰银行2012年与美国监管签署和解令为背景,罚没财产,违反反洗钱法律法规可能导致罚没财产的风险,选项A正确。标准答案将其列为正确选项。证据卡v6x_02659和v6x_02671直接显示银行因反洗钱违规被处以民事罚款并同意没收财产，证明罚没财产是机构违反反洗钱法律法规的两大风险之一。v6x_01127进一步说明民事没收是美国监管机构的常用手段。,学生可能将罚没财产与刑事处罚混淆，认为罚没财产只适用于个人犯罪而非机构违规。实际上，民事没收是监管机构对机构反洗钱违规的常见处罚手段。,False,
2.1_48,B,correct,True,direct,cep_00055,"v6x_02655,v6x_01693,v6x_02672",ch2-plus-v6-except,违反反洗钱法律法规导致的两大风险类型，以汇丰银行2012年与美国监管签署和解令为背景,民事罚款,违反反洗钱法律法规可能导致民事罚款的风险,选项B正确。标准答案将其列为正确选项。多张证据卡直接证明监管机构因反洗钱违规对银行处以民事罚款，这是机构违反反洗钱法律法规的典型风险。v6x_02655、v6x_01693和v6x_02672均提供了直接证据。,学生可能将民事罚款与刑事罚金混淆。民事罚款由监管机构直接施加，不需要刑事定罪程序，是反洗钱执法中最常见的处罚形式。,False,
2.1_48,C,incorrect,False,indirect,,ch2s_00708,ch2-plus-v6-except,违反反洗钱法律法规导致的两大风险类型，以汇丰银行2012年与美国监管签署和解令为背景,吊销银行经营牌照,违反反洗钱法律法规可能导致吊销银行经营牌照的风险,选项C错误。标准答案未将其列为正确选项。虽然吊销牌照是反洗钱违规的可能处罚（如菲律宾案例所示），但题目明确问的是2012年汇丰银行和解令体现的两大风险。汇丰案的核心是民事罚款和罚没财产，而非吊销牌照。现有证据卡中无直接证据表明吊销牌照是汇丰案体现的风险。,学生可能认为吊销牌照是所有严重反洗钱违规的必然结果，但实际上监管机构通常优先采用民事罚款和资产没收等手段，吊销牌照是更极端的措施。,False,
2.1_48,D,incorrect,False,indirect,,"v6x_01633,ch2s_00209",ch2-plus-v6-except,违反反洗钱法律法规导致的两大风险类型，以汇丰银行2012年与美国监管签署和解令为背景,银行雇员入狱,违反反洗钱法律法规可能导致银行雇员入狱的风险,选项D错误。标准答案未将其列为正确选项。题目问的是机构违反反洗钱法律法规的两大风险，汇丰银行和解令是机构层面的执法行动，体现的是民事罚款和罚没财产。银行雇员入狱属于个人刑事责任，不是汇丰案体现的机构风险。v6x_01633虽然提到监禁是可能的处罚，但这是针对个人的，与题目问的机构风险不符。,学生可能混淆机构责任与个人责任。汇丰案是监管机构与银行达成的和解，针对的是机构本身，不涉及雇员个人入狱。个人入狱风险通常需要证明个人故意参与洗钱活动。,False,
2.1_49,A,incorrect,False,indirect,,"v6x_02913,v6x_03450",ch2-plus-v6-except,洗钱上游犯罪的范围界定，区分属于与不属于洗钱上游犯罪的非法/合法行为,持械抢劫商店,持械抢劫商店属于洗钱上游犯罪,标准答案未将持械抢劫商店列为洗钱上游犯罪。教材列举的典型上游犯罪包括贿赂、勒索、诈骗、毒品走私和人口贩卖，未明确提及持械抢劫。虽然某些国家将所有重罪视为上游犯罪，但教材未直接确认持械抢劫属于指定上游犯罪类型。,学生可能认为所有重罪都是洗钱上游犯罪，但FATF建议和教材列举的指定犯罪类型有限，持械抢劫未被明确列入。,False,
2.1_49,B,correct,True,indirect,cep_00056,"v6x_03174,v6x_03450",ch2-plus-v6-except,洗钱上游犯罪的范围界定，区分属于与不属于洗钱上游犯罪的非法/合法行为,逃税,逃税属于洗钱上游犯罪,标准答案将逃税列为洗钱上游犯罪。教材中提及《公告：严重税务犯罪洗钱》，间接表明税务犯罪属于洗钱上游犯罪范畴。但候选句卡中缺乏直接定义逃税为上游犯罪的明确陈述。,学生可能混淆逃税与避税，逃税是非法行为，属于上游犯罪；避税是合法行为，不属于上游犯罪。,True,正确选项缺少直接教材句卡依据
2.1_49,C,correct,True,direct,cep_00057,"v6x_02913,ch2s_00184",ch2-plus-v6-except,洗钱上游犯罪的范围界定，区分属于与不属于洗钱上游犯罪的非法/合法行为,人口贩运,人口贩运属于洗钱上游犯罪,标准答案将人口贩运列为洗钱上游犯罪。教材多处明确列举人口贩卖为上游犯罪，包括v6x_02913和ch2s_00184，证据直接且充分。,,False,
2.1_49,D,incorrect,False,none,,,ch2-plus-v6-except,洗钱上游犯罪的范围界定，区分属于与不属于洗钱上游犯罪的非法/合法行为,避税,避税属于洗钱上游犯罪,标准答案未将避税列为洗钱上游犯罪。避税是合法行为，与逃税（非法）有本质区别。候选句卡中无任何直接提及避税的内容，但基于法律常识，避税不属于犯罪，因此不是上游犯罪。,学生容易混淆避税与逃税，避税是合法税务筹划，逃税是非法行为。只有逃税才可能构成洗钱上游犯罪。,False,
2.1_49,E,correct,True,direct,cep_00058,"v6x_02913,ch2s_00005",ch2-plus-v6-except,洗钱上游犯罪的范围界定，区分属于与不属于洗钱上游犯罪的非法/合法行为,毒品交易,毒品交易属于洗钱上游犯罪,标准答案将毒品交易列为洗钱上游犯罪。教材多处明确列举毒品走私/贩卖为典型上游犯罪，包括v6x_02913和ch2s_00005，证据直接且充分。,,False,
2.1_5,A,incorrect,False,indirect,,"ch2s_00551,ch2s_00552",ch2-plus-v6-except,赌场场景中，客户将高面值现金兑换为支票而未实际下注的行为，可能构成的洗钱威胁类型,微型拆分交易的现金,该客户的行为属于微型拆分交易的现金洗钱方式,选项A不正确。根据教材，微型拆分交易是指将大额现金拆分成多笔小额交易以规避报告阈值的行为。题目中客户将高面值现金纸币放入扑克机并领取支票，属于单次大额交易，未涉及拆分行为，因此不构成微型拆分交易威胁。,学生可能误以为任何涉及现金的交易都属于微型拆分交易，但微型拆分交易的核心特征是拆分成多笔小额交易以规避监管，而非单次大额现金交易。,False,
2.1_5,B,incorrect,False,none,,,ch2-plus-v6-except,赌场场景中，客户将高面值现金兑换为支票而未实际下注的行为，可能构成的洗钱威胁类型,模糊的实际所有权,该客户的行为主要导致模糊的实际所有权问题,选项B不正确。题目描述的行为是将现金放入扑克机后领取支票，属于将非法资金转换为看似合法的赌场支票收入，核心威胁是使非法资金合法化，而非模糊实际所有权。模糊实际所有权通常涉及通过信托、空壳公司、代名人等安排隐藏资金的真实控制人或受益人，题目中未出现此类安排。候选教材句卡中无直接证据支撑该选项。,学生可能将洗钱的不同威胁类型混淆，认为任何洗钱行为都涉及模糊实际所有权，但本题中客户的行为更直接地指向资金合法化而非隐藏所有权。,False,
2.1_5,C,incorrect,False,none,,,ch2-plus-v6-except,赌场场景中，客户将高面值现金兑换为支票而未实际下注的行为，可能构成的洗钱威胁类型,滥用货币服务业务,该客户的行为构成滥用货币服务业务,选项C不正确。根据教材，货币服务企业（MSB）是指提供货币兑换、转账、支票兑现和汇票服务的机构，如杂货店、药店、汇款机构等。赌场不属于货币服务企业范畴，题目中客户的行为发生在赌场的扑克机上，不涉及滥用货币服务业务。候选教材句卡中无直接证据将赌场归类为货币服务企业。,学生可能误认为赌场提供的现金兑换支票服务属于货币服务业务，但教材明确将货币服务企业定义为特定的非银行金融机构，赌场是独立的受监管实体类别。,False,
2.1_5,D,correct,True,direct,cep_00059,"v6x_03254,ch2s_00878,ch2s_00050",ch2-plus-v6-except,赌场场景中，客户将高面值现金兑换为支票而未实际下注的行为，可能构成的洗钱威胁类型,使非法资金合法化,该客户的行为旨在使非法资金合法化,选项D正确。题目描述的行为是典型的赌场洗钱手法：客户将高面值现金纸币放入扑克机，不进行实际赌博，然后以支票形式领取赢利。根据教材句卡v6x_03254，这种将现金塞入赌场机器并兑换支票而不参与赌博的行为，正是洗钱分子用来将非法现金转换为看似合法的赌场收入的手段。教材句卡ch2s_00878也指出赌场为没有合法来源的财富提供借口。这种行为属于洗钱三阶段中的融合阶段，旨在使非法资金合法化。,学生可能误认为该行为属于拆分交易（因为涉及现金）或滥用货币服务业务（因为涉及支票兑换），但核心在于该行为通过赌场将非法现金伪装成赌博赢利，实现资金合法化。,False,
2.1_50,A,correct,True,direct,cep_00060,"ch2s_00196,ch2s_00065,ch2s_00064",ch2-plus-v6-except,不受控制的洗钱活动对宏观经济造成的负面后果,削弱合法的私人金融部门,不受控制的洗钱活动会削弱合法的私人金融部门。,选项A'削弱合法的私人金融部门'是标准答案中的正确选项。候选教材句卡ch2s_00196直接指出洗钱活动'损害私营机构的合法性，削弱金融部门'，ch2s_00065将'损害合法的私营机构'明确列为洗钱未被查出的宏观经济潜在影响之一。这些句卡提供了直接证据，证明洗钱活动确实会削弱合法的私人金融部门，属于不受控制的洗钱活动可能带来的宏观经济后果。,学生可能将'私人金融部门'与'金融部门'视为不同概念，但教材中'私营机构'和'金融部门'均属于洗钱损害的对象，两者在宏观经济后果的语境下是一致的。,False,
2.1_50,B,incorrect,False,indirect,,"ch2s_00198,ch2s_00063",ch2-plus-v6-except,不受控制的洗钱活动对宏观经济造成的负面后果,失业率上升,不受控制的洗钱活动会导致失业率上升。,选项B'失业率上升'不在标准答案中，判断为incorrect。候选教材句卡中，ch2s_00198提到洗钱'剥削了不同市场，如劳动力市场'，但'剥削劳动力市场'与'失业率上升'是不同的概念——剥削可能指压低工资、恶化工作条件等，并不必然导致失业率上升。在ch2s_00063引导的宏观经济后果列举中，也未出现失业率上升这一项。因此，教材并未将失业率上升列为洗钱的直接宏观经济后果，证据不足以支撑该选项为正确。,学生可能将'剥削劳动力市场'误解为导致失业率上升，但剥削劳动力市场更多是指对劳动者权益的侵害，而非就业机会的减少。洗钱活动可能通过犯罪经济创造非法就业，对失业率的影响方向并不明确。,False,
2.1_50,C,incorrect,False,indirect,,"ch2s_00113,ch2s_00112,ch2s_00063",ch2-plus-v6-except,不受控制的洗钱活动对宏观经济造成的负面后果,通货膨胀压力增加,不受控制的洗钱活动会导致通货膨胀压力增加。,选项C'通货膨胀压力增加'不在标准答案中，判断为incorrect。候选教材句卡中，ch2s_00113提到洗钱'对货币的不稳定性造成更大的威胁'，ch2s_00112提到对利率和汇率波动的负面影响，但这些都未直接指向通货膨胀压力增加。货币不稳定性、利率和汇率波动与通货膨胀是不同的宏观经济概念。在ch2s_00063引导的洗钱宏观经济后果列举中，也未包含通货膨胀压力增加。因此，教材并未将通货膨胀压力增加列为洗钱的直接宏观经济后果。,学生可能将'货币不稳定性'与'通货膨胀'混为一谈。货币不稳定性可以表现为汇率剧烈波动、资本流动异常等，不一定表现为通货膨胀。洗钱资金往往流入特定资产领域造成局部价格扭曲，而非全面的物价上涨。,False,
2.1_50,D,correct,True,direct,cep_00061,"ch2s_00118,ch2s_00100,ch2s_00070,ch2s_00117",ch2-plus-v6-except,不受控制的洗钱活动对宏观经济造成的负面后果,税收收入流失,不受控制的洗钱活动会导致税收收入流失。,选项D'税收收入流失'是标准答案中的正确选项。候选教材句卡提供了充分的直接证据：ch2s_00118明确指出'洗钱使政府税收缩水'，ch2s_00100指出洗钱'造成国家或地区财政收入的减少'，ch2s_00070将'税收损失'列为洗钱未被查出的宏观经济潜在影响之一。这些句卡从不同角度直接证明了洗钱活动会导致税收收入流失，属于不受控制的洗钱活动可能带来的宏观经济后果。,学生可能认为税收流失属于财政问题而非宏观经济问题，但教材明确将税收损失列为洗钱的宏观经济后果之一，且税收减少会影响政府支出能力和宏观经济稳定。,False,
2.1_50,E,correct,True,direct,cep_00062,"ch2s_00073,ch2s_00072,v6x_00078",ch2-plus-v6-except,不受控制的洗钱活动对宏观经济造成的负面后果,面临国际制裁风险,不受控制的洗钱活动会使国家面临国际制裁风险。,选项E'面临国际制裁风险'是标准答案中的正确选项。候选教材句卡ch2s_00073直接将'国际制裁风险'列为洗钱的经济和社会影响之一，提供了直接证据。ch2s_00072将'国家或地区的声誉风险'列为洗钱的宏观经济潜在影响，而国际制裁风险与声誉风险紧密相关。v6x_00078提及FATF灰名单机制，说明国际社会确实存在对反洗钱不力国家的监控和制裁机制。这些句卡共同证明国际制裁风险是洗钱活动可能带来的宏观经济后果。,学生可能认为国际制裁风险属于政治或外交后果而非宏观经济后果，但教材明确将国际制裁风险列为洗钱的经济和社会影响，且国际制裁会直接影响一个国家的国际贸易、金融往来和经济发展。,False,
2.1_6,A,incorrect,False,indirect,,"v6x_02696,v6x_02308",ch2-plus-v6-except,可疑交易报告中应关注的核心可疑活动识别，涉及资金转移模式与洗钱风险指标,顾客开了四张大额支票,客户存入四张大额支票本身构成应报告的可疑活动焦点,标准答案判定A为incorrect。存入四张大额支票本身是正常的商业行为，教材中未将其单独列为可疑交易报告的焦点。可疑活动需要结合后续行为（如迅速转出、跨境转移至多个管辖区）综合判断。候选句卡中无直接证据表明大额支票存入单独构成可疑活动焦点，但间接证据显示可疑活动需多因素结合。,学生可能误认为大额交易本身即构成可疑活动，忽略了洗钱的可疑判断需要结合交易背景、资金去向等多重因素。,False,
2.1_6,B,incorrect,False,indirect,,"v6x_02696,v6x_02365",ch2-plus-v6-except,可疑交易报告中应关注的核心可疑活动识别，涉及资金转移模式与洗钱风险指标,客户转到另一个分支进行此事务,客户转到另一个分行进行交易本身构成应报告的可疑活动焦点,标准答案判定B为incorrect。客户转到另一个分行办理业务本身并不构成可疑交易报告的焦点。教材中跨分行操作需与其他因素（如规避监控、拆分金额、无合理商业目的）结合才被视为可疑行为模式。候选句卡中无直接证据表明单一跨分行操作是报告焦点。,学生可能将跨分行操作等同于规避监控，但教材强调需要结合其他红旗标志综合判断，单一行为不足以成为可疑交易报告焦点。,False,
2.1_6,C,incorrect,False,indirect,,"v6x_02697,v6x_02308",ch2-plus-v6-except,可疑交易报告中应关注的核心可疑活动识别，涉及资金转移模式与洗钱风险指标,客户几乎把所有的资金从帐户中转移出去,客户几乎转走账户内所有资金本身构成应报告的可疑活动焦点,标准答案判定C为incorrect。客户几乎转走所有资金是洗钱处置阶段的常见行为，但教材将其视为需要结合资金去向判断的可疑因素，而非独立的可疑交易报告焦点。真正的焦点在于资金转移到三个不同外国管辖区的账户，这涉及跨境转移和高风险管辖区风险。,学生可能将账户清空视为独立可疑指标，但教材强调可疑活动报告应聚焦于资金去向的异常性，特别是跨境多管辖区转移。,False,
2.1_6,D,correct,True,direct,cep_00063,"v6x_02697,ch2s_00264,ch2s_01921",ch2-plus-v6-except,可疑交易报告中应关注的核心可疑活动识别，涉及资金转移模式与洗钱风险指标,客户要求将资金转移到三个不同的外国管辖区,客户要求将资金转移到三个不同外国管辖区的账户构成应报告的可疑活动焦点,标准答案判定D为correct。客户要求将资金转移到三个不同外国管辖区的账户，直接体现了洗钱离析阶段的核心特征——通过跨境转移使资金难以追踪。教材句卡v6x_02697提供了高度相似的案例（将95%资金电汇到高风险司法管辖区），ch2s_00264明确描述了洗钱过程中将资金转移到不同国家或地区以逃避追踪的行为模式。这些证据直接支撑跨境多管辖区转移应成为可疑交易报告焦点的判断。,学生可能将注意力分散在存入大额支票、跨分行操作或清空账户等行为上，而忽略了洗钱可疑交易报告应聚焦于最具洗钱特征的行为——跨境多管辖区资金转移。,False,
2.1_7,A,incorrect,False,indirect,,"ch2s_00047,ch2s_00046",ch2-plus-v6-except,洗钱三阶段中融合阶段通过银行或存款机构实施的具体行为特征,将非法资金存入设立前沿公司的账户,将非法资金存入设立前沿公司的账户属于融合阶段的行为,标准答案判定A为错误选项。教材句卡ch2s_00046明确指出利用空壳公司掩盖受益所有人是离析交易示例，而ch2s_00047定义融合阶段是将已清洗资金以正常交易形式重新投入经济活动。将非法资金存入前沿公司账户属于处置或离析阶段行为，而非融合阶段。,学生容易混淆离析阶段和融合阶段。离析阶段通过空壳公司、账户转移等手段掩盖资金轨迹和所有权；融合阶段则是将已清洗资金用于购买资产或投资，使其表面合法化。存入账户是进入金融系统的第一步或中间层，而非最终融合。,False,
2.1_7,B,incorrect,False,direct,,"ch2s_00042,ch2s_00028",ch2-plus-v6-except,洗钱三阶段中融合阶段通过银行或存款机构实施的具体行为特征,指导第三方将非法现金兑换为可转让票据,指导第三方将非法现金兑换为可转让票据属于融合阶段的行为,标准答案判定B为错误选项。教材句卡ch2s_00042直接将'将现金换为金融工具（票据）'列为离析交易示例，提供了直接的反驳证据。融合阶段是将已清洗资金用于购买资产或投资，而非将现金转换为票据。,学生可能误认为将现金转换为可转让票据是融合阶段，因为票据具有表面合法性。但实际上，转换金融工具形态是离析阶段的典型手法，目的是掩盖资金轨迹，而非最终融入合法经济。,False,
2.1_7,C,incorrect,False,direct,,"ch2s_00264,ch2s_00041",ch2-plus-v6-except,洗钱三阶段中融合阶段通过银行或存款机构实施的具体行为特征,将非法资金从一家银行的账户转到另一家银行的账户,将非法资金从一家银行的账户转到另一家银行的账户属于融合阶段的行为,标准答案判定C为错误选项。教材句卡ch2s_00264和ch2s_00041均直接将银行间账户转账列为离析阶段的典型手法，目的是通过层层转移掩盖资金轨迹。融合阶段是将已清洗资金用于购买资产或投资，而非在账户间转移。,学生容易将银行间转账误认为融合阶段，因为资金在银行系统内移动看似'正常'。但离析阶段的核心特征正是通过多层转账掩盖审计线索，而融合阶段是将资金最终投入合法经济（如购买资产）。,False,
2.1_7,D,correct,True,direct,cep_00064,"ch2s_00049,ch2s_00047,ch2s_00490",ch2-plus-v6-except,洗钱三阶段中融合阶段通过银行或存款机构实施的具体行为特征,用之前存在银行的黑钱购买豪车,用之前存在银行的黑钱购买豪车属于融合阶段的行为,标准答案判定D为正确选项。教材句卡ch2s_00049直接指出洗钱者在融合阶段可将资金投资于奢侈资产，ch2s_00047定义融合阶段是以正常交易形式将资金重新投入经济活动。用已存入银行的黑钱购买豪车，正是将已进入金融系统的非法资金通过购买奢侈资产实现表面合法化的融合阶段典型行为。,学生可能误认为购买豪车是处置阶段，因为处置阶段也涉及将现金转换为资产。但关键区别在于：处置阶段是将'现金'形态的非法所得首次投入金融系统或转换为其他资产；融合阶段是将'已进入银行系统'的资金用于购买资产，使其重新进入合法经济。选项D强调'之前存在银行的黑钱'，说明资金已完成处置和离析，进入融合阶段。,False,
2.1_8,A,incorrect,False,indirect,,"ch2s_00137,v6x_01138",ch2-plus-v6-except,OFAC制裁的域外效力及非美国金融机构在制裁名单筛查后的义务,允许所有交易达到OFAC规定的限额，并向当地金融情报部门报告交易情况,被列入SDN名单后，银行仍可允许交易达到OFAC规定的限额，只需向当地金融情报部门报告即可。,选项A错误。根据教材，被列入SDN名单后，金融机构必须禁止与该客户进行交易并冻结其资产，不存在允许交易达到限额并仅向当地金融情报部门报告的规定。选项A的主张与OFAC制裁的核心义务（资产冻结与交易禁止）直接冲突。,学生可能将OFAC的资产冻结义务与反洗钱中的大额交易报告义务混淆，误以为制裁名单筛查后只需报告即可继续交易。实际上，SDN名单触发的是绝对禁止和冻结义务，而非基于限额的报告。,False,
2.1_8,B,correct,True,direct,cep_00065,"v6x_01138,v6x_01135,v6x_01142",ch2-plus-v6-except,OFAC制裁的域外效力及非美国金融机构在制裁名单筛查后的义务,冻结客户的资产并向OFAC报告,比利时银行应冻结该客户的资产并向OFAC报告。,选项B正确。根据教材，OFAC制裁计划明确要求对SDN名单上的人员和组织禁止交易并冻结资产。同时，OFAC法规具有域外管辖权，非美国金融机构（包括总部在比利时的银行）也必须遵守。因此，比利时银行在筛查到该客户后，必须冻结其资产并向OFAC报告。,学生可能误以为非美国银行不受OFAC管辖，或认为只需遵守当地法律。实际上，OFAC具有域外管辖权，且存在二级制裁风险，非美国银行若与美国有连接点（如纽约分行）或涉及美元交易，必须遵守OFAC规定。,False,
2.1_8,C,incorrect,False,indirect,,"v6x_03372,v6x_01138",ch2-plus-v6-except,OFAC制裁的域外效力及非美国金融机构在制裁名单筛查后的义务,关闭账户，并要求客户将资金汇入美国的银行账户,银行应关闭账户并要求客户将资金汇入美国的银行账户。,选项C错误。资产冻结的核心是禁止转移、转换或处置资金。要求客户将资金汇入美国账户属于资产转移行为，直接违反了OFAC的资产冻结规定。正确的做法是冻结资产并报告，而非协助资金转移。,学生可能误以为将资金转移到美国账户是合规的，因为资金最终进入美国管辖范围。但实际上，SDN名单客户的任何资产转移都需OFAC特别许可，擅自转移（即使汇往美国）仍属违规。,False,
2.1_8,D,incorrect,False,direct,,"v6x_01135,v6x_01142,v6x_01162",ch2-plus-v6-except,OFAC制裁的域外效力及非美国金融机构在制裁名单筛查后的义务,继续进行交易，因为银行总部设在比利时,因为银行总部设在比利时，所以可以继续进行交易。,选项D错误。OFAC制裁具有域外管辖权，非美国金融机构也须遵守。该比利时银行在纽约设有分行，与美国存在明确连接点，更应遵守OFAC规定。以总部在比利时为由继续交易将面临二级制裁和罚款风险。,学生常见的误解是认为非美国银行不受美国制裁法律管辖。实际上，OFAC通过域外管辖和二级制裁机制，对与美国有关联（如美元清算、美国分行）的外国金融机构施加合规义务。,False,
2.1_9,A,incorrect,False,indirect,,"ch2s_00202,v6x_01326",ch2-plus-v6-except,洗钱的社会与经济后果,内战,洗钱会直接导致内战,标准答案未包含选项A。候选教材句卡中列举的洗钱社会/经济后果主要包括滋生犯罪和腐败、减缓经济增长、削弱金融机构等，未将'内战'列为直接后果。虽有句卡提及政治不稳定，但未建立洗钱直接导致内战的因果链条。,学生可能将政治不稳定与内战混为一谈，但教材仅将腐败和有组织犯罪增加列为直接社会后果。,False,
2.1_9,B,correct,True,direct,cep_00066,"ch2s_00066,ch2s_00196",ch2-plus-v6-except,洗钱的社会与经济后果,削弱金融机构,洗钱会削弱金融机构,标准答案包含选项B。候选教材句卡ch2s_00066直接将'削弱金融组织'列为洗钱后果，ch2s_00196也明确说明洗钱活动'削弱金融部门'，证据充分且直接。,,False,
2.1_9,C,correct,True,direct,cep_00067,"ch2s_00064,ch2s_00202",ch2-plus-v6-except,洗钱的社会与经济后果,腐败和有组织犯罪的增加,洗钱会导致腐败和有组织犯罪的增加,标准答案包含选项C。候选教材句卡ch2s_00064直接将'有组织犯罪和腐败的风险增大'列为洗钱后果，ch2s_00202也明确说明洗钱'滋生犯罪和腐败'，证据充分且直接。,,False,
2.1_9,D,incorrect,False,direct,,"ch2s_00118,ch2s_00120",ch2-plus-v6-except,洗钱的社会与经济后果,增加税收,洗钱会导致税收增加,标准答案未包含选项D。候选教材句卡ch2s_00118明确说明洗钱使政府'税收缩水'，即税收减少而非增加。ch2s_00120提到税率可能提高，但这是政府为弥补收入损失而采取的措施，并非洗钱直接导致税收增加。教材整体表明洗钱导致税收减少。,学生可能混淆'税率提高'与'税收增加'。洗钱导致政府收入减少，政府可能被迫提高税率，但总体税收仍可能因税基缩小而减少。,False,
2.1_9,E,incorrect,False,indirect,,"ch2s_00202,ch2s_00098",ch2-plus-v6-except,洗钱的社会与经济后果,削弱国家基础设施,洗钱会削弱国家基础设施,标准答案未包含选项E。候选教材句卡中列举的洗钱社会/经济后果主要包括滋生犯罪和腐败、削弱金融机构、税收损失、经济扭曲等，未将'削弱国家基础设施'列为直接后果。选项E的候选句卡主要涉及合规基础设施，与洗钱直接削弱国家基础设施的因果关系不同。,学生可能将洗钱对经济部门的控制或对合规基础设施的影响，误解为直接'削弱国家基础设施'。,False,
2.2_1,A,correct,True,direct,cep_00068,"ch2s_00309,ch2s_00308",ch2-plus-v6-except,代理银行业务中，当客户不受母公司控制时，尽职调查的实体范围,代理银行客户的母公司,代理银行客户的母公司需要做尽职调查,标准答案判定A为正确选项。教材句卡ch2s_00309直接规定：若母公司没有实施充分有效的管控措施，则应对委托银行及其母公司实施尽职调查。这明确将母公司纳入尽职调查范围，与题目'当代理银行客户不受其母公司控制时'的情景高度吻合，直接支撑选项A的正确性。,学生可能误以为母公司不受控制就不需要做尽职调查，但教材规定恰恰相反，正是因为母公司管控不足才需要同时对母公司进行尽职调查。,False,
2.2_1,B,incorrect,False,direct,,"ch2s_00314,ch2s_00357",ch2-plus-v6-except,代理银行业务中，当客户不受母公司控制时，尽职调查的实体范围,代理银行客户的客户,代理银行客户的客户需要做尽职调查,标准答案判定B为错误选项。教材句卡ch2s_00314明确规定'代理银行不能对委托银行的客户开展典型的尽职调查（了解您客户的客户）'，直接否定了代理银行对客户的客户进行尽职调查的义务。代理银行关系中的尽职调查对象是委托银行本身及其母公司，而非下游客户。,学生可能混淆'了解您的客户'原则的延伸范围，误以为代理银行需要对下游客户进行尽职调查。实际上代理银行只能依赖委托银行的内部控制，无法直接对客户的客户开展CDD。,False,
2.2_1,C,incorrect,False,indirect,,"ch2s_00306,v6x_00887",ch2-plus-v6-except,代理银行业务中，当客户不受母公司控制时，尽职调查的实体范围,具有较高风险特征的实体,具有较高风险特征的实体需要做尽职调查,标准答案判定C为错误选项。教材强调风险为本的尽职调查方法，但尽职调查的对象范围是特定的——即代理银行客户（委托银行）及其母公司，而非泛指所有具有较高风险特征的实体。高风险特征影响尽职调查的级别和范围，但不改变尽职调查的对象边界。,学生可能误以为风险为本方法意味着所有高风险实体都需要做尽职调查，但教材规定尽职调查对象是代理银行客户及其母公司，风险特征只是决定尽职调查深度和广度的因素。,False,
2.2_1,D,incorrect,False,none,,,ch2-plus-v6-except,代理银行业务中，当客户不受母公司控制时，尽职调查的实体范围,向代理行提供服务的第三方,向代理行提供服务的第三方需要做尽职调查,标准答案判定D为错误选项。候选教材句卡中缺乏直接规定代理银行是否需要对向自身提供服务的第三方进行尽职调查的原文。现有句卡主要围绕代理银行对委托银行及其母公司的尽职调查义务，未涉及代理行自身服务提供商。基于标准答案和代理银行尽职调查的核心逻辑，尽职调查对象是代理银行客户（委托银行）及其母公司，而非代理行自身的第三方服务商。,学生可能将一般性第三方风险管理要求与代理银行尽职调查义务范围混淆，误以为所有第三方都需要尽职调查。,False,
2.2_1,E,correct,True,direct,cep_00069,"ch2s_00306,ch2s_00307,ch2s_00309",ch2-plus-v6-except,代理银行业务中，当客户不受母公司控制时，尽职调查的实体范围,代理银行客户本身,代理银行客户本身需要做尽职调查,标准答案判定E为正确选项。教材句卡ch2s_00306和ch2s_00307直接规定代理银行应对委托银行（即代理银行客户本身）实施尽职调查，包括评估其风险状况、所有权结构、客户群体等。代理银行客户本身是尽职调查的基本和首要对象，这是代理银行反洗钱义务的核心要求。,学生可能认为题目问的是'除了客户本身之外还需要对谁做尽职调查'，但题目明确问的是'哪些实体需要做尽职调查'，客户本身是基本对象。,False,
