question_id,baseline_ai_answer,intent_ai_answer,reference_final,intent_reference_conflict,baseline_reference_conflict,cn_en_answer_conflict,pipeline_status,intent_type,standard_type,competing_options,teacher_review_note
v7_q_000001,C,C,C,False,False,False,ok,best_action,best_remediation,C/D -> C; 主体职责：合规官应启动补救分析，而不是将审查责任重新分配。; review=False,选项C中‘根本原因分析’未直接在教材证据中提及，但制定纠正行动计划本身即包含分析步骤，且其他选项存在明显职责混淆，答案应为C。
v7_q_000003,A,,A,True,False,False,ok,other,evidence_specificity,,教材候选池中关于董事会及专业委员会的单元（如v7u_N002556、v7u_N002560等）只描述了总体治理和监督职责，未涉及在准备SAR时应向董事会提供何种具体报告内容。也无法从其他单元推导出应提供统计数据、详细信息、副本还是客户姓名。因此依据现有教材证据无法判断正确答案，请人工审核并提供补充资料。
v7_q_000006,A,B,B,False,True,False,ok,red_flag,red_flag_fit,,证据充分且明确，选项B直接命中教材中现金购买货币工具需报告的规则，无证据支持其他选项的争议，判断无分歧。
v7_q_000009,C,D,C,True,False,False,ok,best_action,best_remediation,A/D -> D; 直接整改控制措施 vs. 间接优化风险评估方法; review=False,
v7_q_000012,A,B,A,True,False,True,ok,control_effectiveness,risk_formula,A/B -> B; 准确性：教材v7u_N002775中说明控制有效时结果可能降至中或低，但未断言总是显著降低；v7u_N002790和v7u_N002791强调识别无法缓解的风险并制定行动计划。因此B更完整地反映了评估中剩余风险降低但仍可能需额外措施的典型结论。; review=False,
v7_q_000016,C,C,C,False,False,False,ok,purpose,concept_definition,A/C -> C; 全面性与直接性：题干未限定支付筛查，选项C的'满足国际监管要求并识别跨司法管辖区的风险'更直接且全面地反映了教材对名单筛查目的的概括（v7u_N003752明确指出工具确保遵守国际制裁名单）。; review=False,
v7_q_000026,D,B,B,False,True,False,ok,first_step,sequence_priority,B/D -> B; 在调查流程的逻辑顺序中，客户概况构成判断账户活动是否偏离预期的基准，因此应先于账户活动的详细审查。; review=False,教材未明确给出警报调查的严格步骤顺序，但根据客户概况作为异常判定基准的作用，以及反洗钱实践常规，将其认定为首先审查的信息是合理的。如果存在机构特定流程要求先看账户活动，则可能产生分歧。
v7_q_000030,C,C,C,False,False,False,ok,procedure_sequence,sequence_priority,,
v7_q_000039,B,B,D,True,True,True,ok,authority,scope_authority,B/D -> B; 功能定位与权限范围; review=False,选项 D 有一定干扰性，但教材强调 FIU 之间的横向合作是对等机构的直接联系，协助外国执法部门应通过其本国 FIU 实现，因此 B 最为准确。
v7_q_000045,B,B,B,False,False,False,ok,purpose,concept_definition,,
